nom,prenom,sexe,adresse,tele,email
Roderick,Hadlee,M,5189 Eliot Plaza,291-731-6009,rhadlee0@mapy.cz
Klarika,Addis,F,14915 Stone Corner Parkway,441-438-4242,kaddis1@goo.ne.jp
Bordy,Neale,M,0098 Dixon Plaza,945-953-3038,bneale2@edublogs.org
Tansy,Butten,F,543 Bayside Court,661-657-2828,tbutten3@youku.com
Ardine,Jeannenet,F,49 Saint Paul Point,331-732-8899,ajeannenet4@fotki.com
Valentin,Calbaithe,M,27502 Anzinger Road,665-505-5477,vcalbaithe5@blogtalkradio.com
Ansel,Farrar,M,6 Shelley Trail,568-258-0653,afarrar6@vkontakte.ru
Helen,Swiggs,F,7551 Oakridge Court,189-458-1974,hswiggs7@csmonitor.com
Theresa,Bockler,F,35463 Tony Trail,708-454-7008,tbockler8@cafepress.com
Gloriana,Quadrio,F,0 Roth Center,769-805-5643,gquadrio9@census.gov
Chadd,Dansie,M,6 Chinook Lane,426-442-8746,cdansiea@google.it
Lulita,Booy,F,181 Dixon Trail,809-722-3369,lbooyb@barnesandnoble.com
Steffen,Taig,M,78 Transport Lane,139-630-9408,staigc@ebay.co.uk
Marshall,Davidou,M,99 Hoard Park,820-388-4495,mdavidoud@goodreads.com
Hillery,Dei,M,620 Hagan Alley,291-786-4644,hdeie@elegantthemes.com
Caresse,Ravens,F,478 Hoffman Parkway,200-979-6633,cravensf@geocities.jp
Royall,Pridham,M,35 Hansons Point,677-455-3030,rpridhamg@gizmodo.com
Giuseppe,Frift,M,8786 Golf View Place,805-151-5662,gfrifth@newsvine.com
Cord,Donnelly,M,739 American Ash Pass,336-588-4166,cdonnellyi@patch.com
Jean,Bullers,F,4 North Street,638-590-4604,jbullersj@naver.com
Grant,Sines,M,26158 Vidon Crossing,535-332-2495,gsinesk@merriam-webster.com
Penrod,Juza,M,4236 Paget Terrace,577-917-7592,pjuzal@networksolutions.com
Klarika,Cappell,F,5220 Del Sol Point,322-753-2805,kcappellm@hatena.ne.jp
Thebault,Gapper,M,02 Eastlawn Crossing,589-188-6513,tgappern@china.com.cn
Caryn,Ridett,F,52 Blue Bill Park Street,621-347-2742,cridetto@epa.gov
Liv,Swiffan,F,0 Tony Parkway,465-222-1568,lswiffanp@t-online.de
Vivianna,Grieves,F,807 Esch Alley,675-557-3197,vgrievesq@merriam-webster.com
Gunther,Clancey,M,80022 Dahle Drive,720-953-9953,gclanceyr@bloomberg.com
Sascha,Seifert,F,765 Dwight Crossing,665-904-7994,sseiferts@ycombinator.com
Ingeborg,Ledes,F,11 Rockefeller Circle,486-967-7374,iledest@ucoz.com
Amble,Schimpke,M,31671 Nevada Alley,256-287-0783,aschimpkeu@elpais.com
Rosy,Basilio,F,01749 Northfield Center,665-937-8214,rbasiliov@hc360.com
Carlyle,Kingescot,M,553 Meadow Valley Plaza,136-158-9385,ckingescotw@qq.com
Gherardo,MacGregor,M,0 Anniversary Park,785-567-4202,gmacgregorx@elpais.com
Rachel,Peasegood,F,5176 Melby Trail,194-480-9603,rpeasegoody@marketwatch.com
Jessika,Montgomery,F,1931 Crowley Place,380-821-9419,jmontgomeryz@xrea.com
Esme,Varga,M,3 Helena Avenue,588-846-2196,evarga10@taobao.com
Estel,Shortell,F,11392 Lien Crossing,554-304-5382,eshortell11@cloudflare.com
Norry,Dismore,M,28568 Lakewood Gardens Point,392-621-5327,ndismore12@comcast.net
Winny,Haldon,F,78 Independence Crossing,427-397-4150,whaldon13@youtube.com
Rickert,Norway,M,0 Westerfield Drive,428-318-2342,rnorway14@whitehouse.gov
Kincaid,Lope,M,4 Troy Way,828-782-4832,klope15@arizona.edu
Adoree,Yushachkov,F,497 Anniversary Drive,645-583-5878,ayushachkov16@hud.gov
Hollyanne,Lesaunier,F,1842 Ridgeway Park,654-152-7334,hlesaunier17@scientificamerican.com
Minnaminnie,Backen,F,724 Myrtle Center,250-753-8440,mbacken18@upenn.edu
Jobey,Ditchburn,F,3935 Hagan Park,172-834-3652,jditchburn19@hatena.ne.jp
Dick,Harme,M,77 Artisan Place,256-524-1386,dharme1a@uol.com.br
Nessy,Prover,F,0158 Hansons Terrace,975-432-6337,nprover1b@dailymotion.com
Gwyn,De Bellis,F,6150 Troy Hill,822-430-3387,gdebellis1c@home.pl
Leeland,North,M,872 Boyd Place,941-863-7001,lnorth1d@so-net.ne.jp
Genevieve,Berthel,F,598 Grim Trail,997-996-2608,gberthel1e@constantcontact.com
Benni,Spear,F,33148 David Circle,736-847-4555,bspear1f@sun.com
Keslie,Cater,F,6 Dunning Way,172-378-8324,kcater1g@icq.com
Joelynn,Burgot,F,2 Hooker Center,816-957-2691,jburgot1h@github.io
Marius,Mewes,M,6 Lillian Point,579-622-5640,mmewes1i@mozilla.com
Crin,Rathke,F,88040 Myrtle Park,235-762-6565,crathke1j@smh.com.au
Bevon,Manjot,M,48546 Southridge Circle,651-560-2758,bmanjot1k@noaa.gov
Slade,McIlroy,M,3317 Donald Crossing,539-853-4387,smcilroy1l@amazonaws.com
Lindsey,Baddow,F,47 Service Pass,407-126-5184,lbaddow1m@adobe.com
Mollie,Strewthers,F,61 Warrior Hill,335-505-5133,mstrewthers1n@marriott.com
Kora,Martello,F,22 Esker Plaza,561-765-9381,kmartello1o@discovery.com
Florrie,Quadri,F,54 Harper Terrace,527-808-8419,fquadri1p@about.com
Cayla,Ackeroyd,F,90339 3rd Point,667-320-2163,cackeroyd1q@blogspot.com
Rozalin,Ladell,F,358 Nelson Pass,758-942-2682,rladell1r@tinyurl.com
Isobel,Jeans,F,959 Southridge Crossing,984-811-5185,ijeans1s@bigcartel.com
Barbara,Mackelworth,F,30 David Crossing,756-974-4852,bmackelworth1t@telegraph.co.uk
Rikki,Corre,F,52 Kennedy Pass,882-448-1593,rcorre1u@slashdot.org
Daryl,Dulton,F,52 Hollow Ridge Road,993-531-4951,ddulton1v@devhub.com
Jerrold,Standbrook,M,110 Lunder Alley,815-807-5679,jstandbrook1w@booking.com
Nikolia,Menere,F,35 Lakeland Lane,769-444-7477,nmenere1x@jigsy.com
Augustine,August,M,1 Kings Junction,325-213-9298,aaugust1y@yandex.ru
Fiorenze,Tuley,F,8028 Emmet Park,551-700-0932,ftuley1z@t.co
Derek,Howle,M,2990 Loftsgordon Court,521-981-8284,dhowle20@ovh.net
Garret,Goforth,M,45 Miller Crossing,310-642-0297,ggoforth21@howstuffworks.com
Kellina,Segeswoeth,F,7 Dryden Lane,583-792-2316,ksegeswoeth22@ocn.ne.jp
Ly,Winkless,M,47 Sage Crossing,664-477-8866,lwinkless23@example.com
Debor,Tingcomb,F,08 Anthes Place,878-686-0158,dtingcomb24@nationalgeographic.com
Jaime,Ault,M,18 Macpherson Drive,510-572-9960,jault25@google.co.uk
Ursuline,Rosetti,F,4 Dayton Terrace,736-553-3700,urosetti26@vistaprint.com
John,Krauss,M,10525 Onsgard Road,136-656-0006,jkrauss27@uol.com.br
Donovan,Margrett,M,282 Orin Point,487-174-3191,dmargrett28@w3.org
Jimmy,Challiner,M,80148 Jenna Way,657-520-6082,jchalliner29@wufoo.com
Cicily,Romain,F,1 Bartelt Pass,137-405-5543,cromain2a@people.com.cn
Mata,Ramel,M,78750 Schmedeman Junction,255-247-9650,mramel2b@delicious.com
Alie,Cobbledick,F,244 Kingsford Center,400-770-5455,acobbledick2c@last.fm
Gerry,Blockwell,F,996 Fulton Center,922-317-0466,gblockwell2d@house.gov
Gates,Domerc,F,82 Northland Road,983-252-9210,gdomerc2e@miibeian.gov.cn
Larina,Simkiss,F,257 Nova Plaza,362-142-1473,lsimkiss2f@desdev.cn
Neely,Folonin,F,080 Holy Cross Avenue,352-302-9654,nfolonin2g@xinhuanet.com
Justino,Edlin,M,0 Florence Junction,304-341-6322,jedlin2h@answers.com
Clerkclaude,Haggerston,M,3019 Bashford Terrace,885-788-0228,chaggerston2i@state.gov
Terence,Telford,M,202 Jana Junction,789-973-1118,ttelford2j@tripadvisor.com
Justus,Shackel,M,5 Barnett Street,397-703-6768,jshackel2k@sun.com
Maura,Mixworthy,F,5621 Bayside Crossing,457-848-8736,mmixworthy2l@booking.com
Jolee,Agglione,F,60697 Rusk Hill,455-368-8608,jagglione2m@army.mil
Gussie,Roscamps,F,659 Prairieview Park,273-930-9849,groscamps2n@comsenz.com
Renate,Jandl,F,29 Veith Court,683-950-7609,rjandl2o@google.pl
Tyrone,Philpotts,M,50220 Evergreen Plaza,512-231-7449,tphilpotts2p@csmonitor.com
Lexis,Greeve,F,3 Lakewood Gardens Pass,810-193-1760,lgreeve2q@oracle.com
Kenny,Mulchrone,M,024 Carpenter Place,570-812-7391,kmulchrone2r@buzzfeed.com
Kelly,Klimochkin,M,46178 Scoville Street,621-939-9481,kklimochkin2s@wordpress.org
Berri,Lowdwell,F,875 Montana Street,558-827-4296,blowdwell2t@miibeian.gov.cn
Vernen,Pine,M,38 Parkside Alley,225-319-5450,vpine2u@yale.edu
Irina,Milbank,F,899 Arkansas Way,303-670-5959,imilbank2v@ameblo.jp
Jareb,Chancelier,M,84451 Moland Crossing,291-157-8737,jchancelier2w@phoca.cz
Braden,Taylerson,M,13 Luster Junction,925-259-8917,btaylerson2x@cbslocal.com
Stephanus,Monan,M,83 Nancy Park,267-740-3126,smonan2y@sciencedirect.com
Carin,Soppit,F,259 Carey Crossing,125-442-8450,csoppit2z@timesonline.co.uk
Conrad,Balleine,M,82679 Main Center,231-186-7639,cballeine30@upenn.edu
Andrej,Ivic,M,3 Summerview Circle,560-256-8211,aivic31@google.com.au
Cosette,Covely,F,4950 Mcbride Way,713-451-0649,ccovely32@sciencedirect.com
Herve,Boothebie,M,830 Sundown Alley,770-575-0739,hboothebie33@oracle.com
Nels,Wellum,M,15 Coolidge Park,404-895-2529,nwellum34@meetup.com
Herschel,Klausewitz,M,8892 Cody Avenue,133-309-4322,hklausewitz35@unblog.fr
Brock,Evens,M,08339 Spenser Circle,493-132-8266,bevens36@privacy.gov.au
Emelyne,Schonfelder,F,41083 Jay Alley,420-626-6255,eschonfelder37@youtu.be
Ruthie,Escalera,F,57 Marquette Lane,627-195-6266,rescalera38@wiley.com
Julita,Taberner,F,4 Armistice Crossing,654-581-0872,jtaberner39@altervista.org
Johnette,Grimme,F,0989 Hovde Place,906-838-8727,jgrimme3a@tinyurl.com
Fifi,Batram,F,844 Dryden Way,224-265-6254,fbatram3b@altervista.org
Owen,Boorn,M,7356 Everett Park,816-103-8812,oboorn3c@wikispaces.com
Wallie,Franschini,M,27 Carpenter Way,496-933-8086,wfranschini3d@guardian.co.uk
Peadar,Cranston,M,69 Gateway Lane,531-784-3891,pcranston3e@tiny.cc
Magdalena,Wye,F,3351 Surrey Trail,719-792-5545,mwye3f@paginegialle.it
Gabi,Lote,F,26 Mockingbird Point,821-671-8242,glote3g@dedecms.com
Charline,Goare,F,02621 Jenna Terrace,726-702-2277,cgoare3h@nifty.com
Tracee,Reagan,F,96764 Golf Terrace,712-415-2743,treagan3i@issuu.com
Minnaminnie,Puckring,F,0462 Sullivan Drive,283-709-8041,mpuckring3j@yellowbook.com
Avivah,Skitt,F,87 Ridge Oak Terrace,202-145-5081,askitt3k@cdc.gov
Leonard,Howels,M,0 Village Lane,668-550-3188,lhowels3l@tamu.edu
Fred,Durgan,F,63814 Hazelcrest Alley,444-921-4632,fdurgan3m@prweb.com
Domeniga,Hainey`,F,67108 Vermont Park,850-709-6330,dhainey3n@businesswire.com
Tandy,Doore,F,17 Armistice Avenue,994-254-0526,tdoore3o@ifeng.com
Alta,Offner,F,663 Hazelcrest Junction,245-548-0153,aoffner3p@com.com
Whittaker,Korous,M,3477 Raven Street,169-737-7286,wkorous3q@shutterfly.com
Germana,Leechman,F,0803 Loftsgordon Plaza,999-852-2882,gleechman3r@gizmodo.com
Joshua,Reveley,M,097 Dryden Pass,244-935-7420,jreveley3s@irs.gov
Katlin,O'Loughane,F,3660 Washington Alley,395-998-5206,koloughane3t@netscape.com
Mariellen,Easson,F,0 Maryland Road,952-367-1674,measson3u@pagesperso-orange.fr
Otis,Exeter,M,74581 Service Parkway,323-999-6073,oexeter3v@geocities.com
Daniela,Lehemann,F,819 Tennessee Junction,289-198-6565,dlehemann3w@cpanel.net
Piper,Ravelus,F,27 Moland Plaza,401-542-3133,pravelus3x@abc.net.au
Cesaro,Deeny,M,17540 Village Green Place,175-804-6710,cdeeny3y@chron.com
Whitaker,Wardhough,M,5093 Homewood Point,622-683-4421,wwardhough3z@archive.org
Cornall,Dever,M,56670 Sherman Road,484-234-5279,cdever40@theglobeandmail.com
Natty,Mayte,M,74288 Dunning Street,792-608-8649,nmayte41@ebay.com
Ansel,Exroll,M,44692 Forest Dale Trail,350-466-7609,aexroll42@mayoclinic.com
Davie,Rosel,M,159 Prentice Point,926-741-2622,drosel43@fotki.com
Darcie,Jewster,F,2 Troy Point,265-875-9372,djewster44@moonfruit.com
Rabbi,Aarons,M,20 Maple Wood Point,428-502-0624,raarons45@un.org
Leta,Gerbi,F,32 Forest Lane,197-423-5229,lgerbi46@pagesperso-orange.fr
Sherye,Chessel,F,81188 Westerfield Trail,459-877-2727,schessel47@pinterest.com
Clive,De Anesy,M,36 Coleman Terrace,441-474-8213,cdeanesy48@instagram.com
Gerhardine,Glossup,F,37 Trailsway Park,875-266-6870,gglossup49@google.com.au
Whittaker,Pulman,M,243 Parkside Hill,666-607-0974,wpulman4a@huffingtonpost.com
Emelen,Sporner,M,0681 Judy Lane,290-694-5910,esporner4b@geocities.com
Guilbert,Pledger,M,8 Center Street,467-625-7507,gpledger4c@vistaprint.com
Abagael,Waterstone,F,3 Menomonie Place,416-645-0993,awaterstone4d@globo.com
Cathryn,Perham,F,6 Lotheville Trail,811-810-4008,cperham4e@mapquest.com
Felice,Seleway,M,929 Oak Alley,798-719-7401,fseleway4f@umn.edu
Ado,Hare,M,26 Badeau Plaza,760-451-1931,ahare4g@shareasale.com
Charmain,Bunston,F,47 Warner Crossing,889-996-3449,cbunston4h@globo.com
Jerrine,Cambden,F,992 Thompson Plaza,132-817-3540,jcambden4i@macromedia.com
Thedric,Mossop,M,5 Bobwhite Hill,826-224-8293,tmossop4j@theatlantic.com
Vladimir,Worsley,M,7632 Mesta Street,772-292-6770,vworsley4k@vimeo.com
Horton,Stranks,M,1722 Marquette Court,401-632-1301,hstranks4l@163.com
Hy,Gisburn,M,2 Hagan Plaza,943-220-1435,hgisburn4m@360.cn
Henrieta,Gerrard,F,15 Mockingbird Place,119-187-2313,hgerrard4n@ucla.edu
Esmeralda,Eccleshare,F,52 Leroy Circle,733-443-5490,eeccleshare4o@vkontakte.ru
Kathryn,Ivanisov,F,6 International Hill,313-771-2125,kivanisov4p@jimdo.com
Shaun,Mocker,F,2505 Anniversary Parkway,662-434-4533,smocker4q@eepurl.com
Katharine,Tineman,F,778 Fairview Crossing,400-738-5673,ktineman4r@irs.gov
Alexa,Allsepp,F,6656 Del Sol Terrace,860-360-3923,aallsepp4s@ucoz.ru
Alvis,Balkwill,M,1228 Starling Drive,285-214-0418,abalkwill4t@lulu.com
Ilyse,Cockell,F,3 Veith Drive,911-433-5800,icockell4u@instagram.com
Edward,Millis,M,67086 Bonner Circle,362-289-6271,emillis4v@google.co.jp
Janean,Rankling,F,6862 Shopko Junction,429-446-9177,jrankling4w@whitehouse.gov
Morgana,Rounsefell,F,548 Dovetail Hill,905-822-3604,mrounsefell4x@ycombinator.com
Aubine,Eilhermann,F,480 Stang Road,786-208-6679,aeilhermann4y@seesaa.net
Olivie,Ragge,F,05268 Fairview Road,367-910-9205,oragge4z@plala.or.jp
Edna,Keilloh,F,33455 Swallow Hill,830-683-1159,ekeilloh50@harvard.edu
Isahella,Bonds,F,4 Utah Crossing,120-160-5915,ibonds51@skyrock.com
Frieda,Stair,F,71 Jay Road,822-959-8066,fstair52@qq.com
Vale,Neggrini,M,631 John Wall Park,278-640-5150,vneggrini53@microsoft.com
Elane,Bolstridge,F,5 Marquette Place,600-780-8803,ebolstridge54@tinypic.com
Georgina,Gisbourn,F,0965 Helena Circle,362-890-2041,ggisbourn55@noaa.gov
Marnia,Wethey,F,02 Hintze Park,853-862-8491,mwethey56@wiley.com
Brietta,Childers,F,6 Anthes Trail,309-523-4133,bchilders57@netvibes.com
Zia,Poznanski,F,36 Hermina Alley,568-200-4895,zpoznanski58@soundcloud.com
Irena,Braidon,F,6817 Nancy Trail,930-994-2484,ibraidon59@homestead.com
Boniface,Falkus,M,35648 1st Pass,661-248-9370,bfalkus5a@twitter.com
Issie,Terzza,F,9 Lawn Hill,936-571-6114,iterzza5b@creativecommons.org
Vernon,Obispo,M,4 Upham Crossing,687-811-4116,vobispo5c@craigslist.org
Vanessa,Nolli,F,38808 Sunnyside Junction,569-796-2033,vnolli5d@dropbox.com
Fernanda,Bim,F,1 Weeping Birch Avenue,482-221-8750,fbim5e@bbc.co.uk
Jud,Finlry,M,2194 Rieder Way,935-685-6719,jfinlry5f@salon.com
Free,Bayfield,M,1852 Esker Avenue,916-463-2282,fbayfield5g@canalblog.com
Laird,Hawkwood,M,639 Cardinal Street,549-520-8917,lhawkwood5h@elpais.com
Izzy,Dietzler,M,581 Cody Center,396-970-2905,idietzler5i@dropbox.com
Kim,Dunnett,F,9 Sunfield Place,576-920-4942,kdunnett5j@pcworld.com
Louis,Fintoph,M,27643 Maple Place,330-961-3295,lfintoph5k@si.edu
Lynnea,Moehle,F,8 Morning Center,416-905-3047,lmoehle5l@nsw.gov.au
Christophorus,Clausner,M,88 Golden Leaf Court,759-293-1128,cclausner5m@discovery.com
Moina,Cerie,F,56757 Steensland Circle,940-217-7061,mcerie5n@furl.net
Barbabas,Gowman,M,6034 Mallory Junction,516-617-0968,bgowman5o@dot.gov
Bee,Cicco,F,00343 Gale Plaza,291-404-9532,bcicco5p@sina.com.cn
Gaultiero,Soldan,M,002 Bellgrove Crossing,698-475-0247,gsoldan5q@zdnet.com
Cletus,Venmore,M,49 Londonderry Plaza,985-178-9696,cvenmore5r@wp.com
Pauly,Beakes,F,28195 Arizona Lane,787-776-3845,pbeakes5s@chron.com
Mariana,Bugden,F,4808 Cody Terrace,203-307-4715,mbugden5t@gizmodo.com
Krystle,Dunkersley,F,21732 Saint Paul Park,230-277-7480,kdunkersley5u@chronoengine.com
Collette,Yesipov,F,15 Weeping Birch Parkway,541-905-5498,cyesipov5v@amazon.com
Sherwynd,Kestian,M,3 Prentice Circle,406-121-2961,skestian5w@guardian.co.uk
Kerr,Tidswell,M,49 Bay Way,888-650-1043,ktidswell5x@nbcnews.com
Gerhard,Sothcott,M,304 Debs Center,540-974-2862,gsothcott5y@google.de
Goldie,MacCosto,F,79 Thackeray Trail,257-121-3590,gmaccosto5z@google.nl
Ofilia,Weadick,F,30 Bashford Court,711-923-3106,oweadick60@cbsnews.com
Margaux,Stanborough,F,0 Stephen Drive,901-299-0318,mstanborough61@mapquest.com
Ludovico,Mazdon,M,9660 Crowley Trail,313-779-9261,lmazdon62@opensource.org
Darnall,Killgus,M,78737 Moulton Road,719-605-6353,dkillgus63@scribd.com
Ellis,Bernucci,M,2 Oak Valley Terrace,244-171-7743,ebernucci64@prnewswire.com
Madel,Smickle,F,84144 Oriole Junction,715-431-5939,msmickle65@fastcompany.com
Kim,Dudderidge,F,09795 Melody Park,978-899-3590,kdudderidge66@de.vu
Jeane,Damiata,F,94 Straubel Road,630-764-1491,jdamiata67@tripod.com
Phoebe,Brideaux,F,363 Bunker Hill Hill,434-603-3814,pbrideaux68@samsung.com
Barn,Pratley,M,7222 Graceland Court,910-187-0625,bpratley69@yelp.com
Daffi,Upcott,F,2 Brickson Park Way,744-989-8837,dupcott6a@rediff.com
Maximilianus,Beinke,M,0025 Sage Road,227-380-3941,mbeinke6b@google.co.uk
Jason,Klausen,M,5 Dryden Pass,262-642-4484,jklausen6c@cbsnews.com
Belia,Tomblings,F,959 1st Alley,695-853-1749,btomblings6d@mashable.com
Ashbey,Sadat,M,6 Independence Lane,582-547-2469,asadat6e@wordpress.org
Tonia,Aspel,F,12 Aberg Crossing,176-842-1219,taspel6f@tiny.cc
Holli,Dysert,F,5 Lindbergh Trail,108-435-3403,hdysert6g@google.es
Terrye,McKimm,F,92616 Cardinal Way,126-475-4654,tmckimm6h@army.mil
Jareb,Perrottet,M,1233 Crownhardt Point,615-669-2714,jperrottet6i@hatena.ne.jp
Desdemona,Crosseland,F,11464 Mcguire Place,620-324-2648,dcrosseland6j@europa.eu
Roxana,Clineck,F,82 Petterle Street,516-488-2858,rclineck6k@harvard.edu
Nancy,Corssen,F,39 Kedzie Road,191-742-0060,ncorssen6l@jalbum.net
Jarvis,Gammet,M,5923 Towne Circle,764-343-8602,jgammet6m@mapy.cz
Emyle,Fidelli,F,7953 Fallview Trail,361-698-4716,efidelli6n@theatlantic.com
Emily,Kinnoch,F,7538 Leroy Alley,647-229-1843,ekinnoch6o@hao123.com
Valerye,Ducker,F,8 Scofield Drive,256-485-7469,vducker6p@4shared.com
Jamesy,Colliss,M,3 Oxford Court,836-756-6027,jcolliss6q@microsoft.com
Linell,Gallon,F,35092 Acker Hill,613-283-1556,lgallon6r@wiley.com
Annora,Slaughter,F,017 Hudson Crossing,586-833-6827,aslaughter6s@si.edu
Dinny,McPhillimey,F,1 Goodland Terrace,738-797-9539,dmcphillimey6t@eepurl.com
Adara,O'Suaird,F,0140 Michigan Plaza,140-889-9487,aosuaird6u@infoseek.co.jp
Guglielma,Paladino,F,22 6th Road,314-769-5498,gpaladino6v@lycos.com
Tarrance,Reames,M,3 Shoshone Road,938-778-1530,treames6w@nhs.uk
Josy,Olyff,F,91 Ramsey Place,755-636-8775,jolyff6x@fema.gov
Laurette,Lovstrom,F,33 Del Sol Circle,676-201-0694,llovstrom6y@va.gov
Duff,Pozzi,M,405 Kensington Center,975-356-8652,dpozzi6z@g.co
Sergent,Kinnie,M,08483 Autumn Leaf Drive,284-804-3806,skinnie70@ox.ac.uk
Patsy,Buffery,M,7160 Dottie Way,910-963-7899,pbuffery71@usgs.gov
Chicky,Kellough,M,28 Raven Junction,737-499-4595,ckellough72@yahoo.com
Ogden,Speeding,M,772 Welch Trail,646-829-6338,ospeeding73@amazon.com
Abie,Sabate,M,2 Sutherland Plaza,570-349-4006,asabate74@google.fr
Merrick,Killen,M,0 South Way,468-683-0897,mkillen75@harvard.edu
Rodie,Lattimer,F,4 Carberry Terrace,208-652-7193,rlattimer76@theglobeandmail.com
Lillis,Vellacott,F,588 Granby Street,468-703-9776,lvellacott77@studiopress.com
Yasmeen,Cork,F,8193 Tony Lane,864-518-5648,ycork78@furl.net
Quintina,Pates,F,274 Loomis Alley,376-241-4872,qpates79@foxnews.com
Kelila,Bennell,F,0179 Lakewood Gardens Pass,857-247-3718,kbennell7a@msu.edu
Everett,Fearfull,M,0 Homewood Crossing,692-577-0031,efearfull7b@narod.ru
Yoshi,Handley,F,0 Sherman Circle,183-969-6885,yhandley7c@hostgator.com
Leoline,Ferier,F,75 Summer Ridge Court,168-235-1917,lferier7d@bandcamp.com
Leigha,Vial,F,956 Carberry Junction,120-797-9888,lvial7e@reddit.com
Riccardo,Carbin,M,1905 Kinsman Plaza,139-782-5298,rcarbin7f@bbb.org
Natal,Sirkett,M,02882 Columbus Park,244-188-1958,nsirkett7g@live.com
Nate,Attenbrough,M,81641 Schlimgen Alley,792-932-1858,nattenbrough7h@example.com
Dominique,Sepey,F,9029 Sommers Alley,434-263-9248,dsepey7i@gravatar.com
Julian,Dinnies,M,183 Meadow Valley Way,563-129-6643,jdinnies7j@ca.gov
Mathe,Rains,M,77079 Scoville Junction,898-159-3959,mrains7k@behance.net
Worthy,Wreath,M,959 Sunfield Point,375-639-0594,wwreath7l@linkedin.com
Caddric,Samme,M,255 Roxbury Circle,834-789-5616,csamme7m@cyberchimps.com
Rachele,Creasey,F,4 6th Alley,752-717-2337,rcreasey7n@ebay.com
Valerye,Parncutt,F,52779 Rockefeller Plaza,155-781-4838,vparncutt7o@prnewswire.com
Orlan,Torrent,M,3650 Browning Crossing,811-750-1031,otorrent7p@goo.ne.jp
Cordula,Doull,F,111 School Terrace,558-504-4405,cdoull7q@liveinternet.ru
Olivero,Lakey,M,53454 Acker Way,121-903-9631,olakey7r@dmoz.org
Kliment,Stickells,M,0834 Maple Plaza,154-777-6283,kstickells7s@prweb.com
Sunshine,Wastling,F,6 Troy Lane,275-507-7184,swastling7t@furl.net
Goddart,Wallbutton,M,3433 Autumn Leaf Trail,318-417-8494,gwallbutton7u@uol.com.br
Zach,Ferrar,M,62540 Forest Park,402-291-6239,zferrar7v@squarespace.com
Zachariah,De Ferrari,M,88245 Eastwood Hill,309-815-5101,zdeferrari7w@msu.edu
Kain,Corstan,M,6969 Buell Center,328-360-3866,kcorstan7x@meetup.com
Regina,Hatherleigh,F,264 Old Gate Terrace,947-421-6138,rhatherleigh7y@yale.edu
Newton,Davitashvili,M,8 Sunbrook Road,929-295-5554,ndavitashvili7z@kickstarter.com
Bridget,Wybrew,F,225 Green Drive,487-750-9415,bwybrew80@harvard.edu
Durant,Iannelli,M,47821 Melrose Pass,802-280-0370,diannelli81@tinyurl.com
Barry,Matushenko,M,30 Scofield Way,862-524-5225,bmatushenko82@psu.edu
Jeanna,Murrison,F,44 Hermina Pass,271-449-2255,jmurrison83@state.tx.us
Courtenay,Stockings,F,99613 Stuart Point,695-493-2023,cstockings84@si.edu
Paulie,Pillington,F,777 Stephen Place,498-105-5219,ppillington85@wordpress.com
Renell,Caldecot,F,41 Lyons Pass,475-395-0944,rcaldecot86@linkedin.com
Elnora,Fosken,F,79 Hintze Parkway,164-242-3277,efosken87@cargocollective.com
Conni,Dominichelli,F,58872 Lotheville Place,317-537-4200,cdominichelli88@patch.com
Calla,Cars,F,1128 Merry Pass,119-644-6935,ccars89@squarespace.com
Louie,Levington,M,9636 Grayhawk Drive,338-645-9041,llevington8a@elegantthemes.com
Annalee,Klimowicz,F,242 Fulton Avenue,619-678-2029,aklimowicz8b@gizmodo.com
Kilian,Bernt,M,228 Buell Park,202-585-1171,kbernt8c@statcounter.com
Ola,Eborn,F,231 Oriole Terrace,248-900-7646,oeborn8d@fc2.com
Sada,Mougin,F,40975 Arkansas Street,507-721-5943,smougin8e@bloomberg.com
Alida,Passman,F,61 Warner Junction,943-126-5438,apassman8f@skype.com
Cosimo,Bortoloni,M,8 Katie Hill,314-999-3088,cbortoloni8g@twitter.com
Fidelity,Jellico,F,33639 Ohio Point,459-250-0244,fjellico8h@cbc.ca
Chery,Goodboddy,F,950 Hazelcrest Alley,101-389-7253,cgoodboddy8i@github.io
Iorgos,Naughton,M,2 Burrows Hill,518-220-7987,inaughton8j@nbcnews.com
Edmon,Blackmoor,M,5941 Namekagon Point,570-724-2312,eblackmoor8k@taobao.com
Carmelina,Cawston,F,655 Roth Point,205-738-4669,ccawston8l@parallels.com
Elihu,Spooner,M,4 Pearson Plaza,919-566-1159,espooner8m@acquirethisname.com
Palmer,Stallard,M,994 Loeprich Terrace,769-871-9796,pstallard8n@sbwire.com
Silvana,Coogan,F,6 Comanche Parkway,899-907-4961,scoogan8o@examiner.com
Fayre,Humpage,F,97085 Esker Street,588-755-4599,fhumpage8p@weebly.com
Beltran,Borit,M,3 Ludington Plaza,263-217-7964,bborit8q@dmoz.org
Alverta,Shepherd,F,28 Melrose Point,326-456-2688,ashepherd8r@unicef.org
Cristi,Houldey,F,7 Lindbergh Street,744-594-2032,chouldey8s@imgur.com
Zack,Schruyers,M,170 Corben Center,411-506-1329,zschruyers8t@jiathis.com
Preston,Bilby,M,72 Bartelt Crossing,161-855-5088,pbilby8u@vk.com
Andreas,Wordington,M,72 Straubel Parkway,416-155-1875,awordington8v@paypal.com
Walden,Doorey,M,890 Pawling Pass,566-610-3869,wdoorey8w@printfriendly.com
Nevins,Kainz,M,123 Schlimgen Pass,997-181-6004,nkainz8x@comcast.net
Hadria,Morad,F,49 Sheridan Parkway,964-931-0572,hmorad8y@jugem.jp
Tobit,Hornbuckle,M,18 Dorton Road,673-982-3101,thornbuckle8z@thetimes.co.uk
Damaris,Brendish,F,272 Barnett Lane,139-946-3785,dbrendish90@furl.net
Sig,Yeabsley,M,5084 Golf Drive,912-415-9661,syeabsley91@spiegel.de
Merilee,Roller,F,7148 Village Place,916-196-6941,mroller92@smh.com.au
Barrie,Arnau,M,99 Orin Plaza,704-483-3477,barnau93@forbes.com
Goddard,Mountcastle,M,6 Buell Circle,320-373-0890,gmountcastle94@last.fm
Katti,Waters,F,42 1st Road,820-701-0826,kwaters95@samsung.com
Anabelle,Levis,F,8 Mosinee Parkway,785-653-9560,alevis96@nasa.gov
Rozanna,Gourlie,F,6 Grim Terrace,634-620-0767,rgourlie97@prnewswire.com
Raynard,Baudoux,M,6 Moulton Avenue,378-781-1412,rbaudoux98@amazon.co.uk
Lola,Bloggett,F,43521 Packers Way,514-835-1196,lbloggett99@patch.com
Jacquenette,Mixter,F,77959 Mccormick Way,680-674-6925,jmixter9a@soup.io
Augustina,Pyburn,F,7892 Shelley Parkway,746-557-9149,apyburn9b@ifeng.com
Michelle,Schreiner,F,5890 Fuller Crossing,537-725-6602,mschreiner9c@trellian.com
Haily,Reynold,F,5 Clyde Gallagher Avenue,623-257-0538,hreynold9d@go.com
Hyacinthie,Ramelet,F,747 Beilfuss Alley,825-430-9526,hramelet9e@blogger.com
Uriah,Ganter,M,97 Acker Crossing,454-617-3580,uganter9f@about.me
Maynard,Pendreigh,M,580 Westport Street,693-124-1565,mpendreigh9g@si.edu
Toddy,Haste,M,4838 Shelley Plaza,412-403-7330,thaste9h@squidoo.com
Frederich,Jillitt,M,28 Northport Lane,763-410-8622,fjillitt9i@tiny.cc
Albert,Mattersley,M,52143 Kensington Plaza,440-147-1471,amattersley9j@parallels.com
Dawn,Bonhan,F,62071 Clarendon Avenue,481-726-3134,dbonhan9k@usa.gov
Bran,Yoxall,M,5899 Maywood Way,537-487-3627,byoxall9l@webnode.com
Lelah,Chambers,F,8 Larry Way,745-163-9750,lchambers9m@macromedia.com
Denny,Tryme,M,80 Melrose Plaza,870-144-1651,dtryme9n@squidoo.com
Virginie,Schurcke,F,600 Nobel Road,912-352-9360,vschurcke9o@simplemachines.org
Brandais,Curtin,F,956 Dorton Lane,768-611-1427,bcurtin9p@wikimedia.org
Lyndsey,Gelderd,F,84760 Riverside Drive,874-272-5232,lgelderd9q@walmart.com
Eal,Martynka,M,52753 Eagle Crest Park,530-955-0398,emartynka9r@blogs.com
Ware,Chadwick,M,07 Lyons Drive,651-447-8948,wchadwick9s@shinystat.com
Devonne,Mosdell,F,2 Vidon Parkway,695-951-3984,dmosdell9t@mediafire.com
Tore,Dwine,M,84886 Pond Trail,707-413-4866,tdwine9u@wikia.com
Domingo,Odhams,M,8 Hagan Drive,991-224-7839,dodhams9v@statcounter.com
Waverly,Arnot,M,5 Lake View Plaza,939-818-0208,warnot9w@uol.com.br
Donn,Extence,M,1382 Buell Junction,401-855-3302,dextence9x@ucoz.com
Jesse,Mitchelson,M,437 Sachs Court,269-424-2240,jmitchelson9y@tinyurl.com
Damian,Manhare,M,15902 Morning Pass,621-249-0827,dmanhare9z@marriott.com
Boot,Presley,M,1 Stoughton Place,664-204-3128,bpresleya0@360.cn
Siffre,Badam,M,60215 Vidon Street,380-531-3300,sbadama1@google.com.au
Aldis,Fourmy,M,62 Transport Road,211-726-6399,afourmya2@economist.com
Revkah,Leblanc,F,82 Oriole Street,417-209-3352,rleblanca3@github.com
Travis,Serjeant,M,05 Del Mar Drive,969-294-3336,tserjeanta4@github.com
Bryant,Verdy,M,2264 John Wall Plaza,630-978-4536,bverdya5@symantec.com
Deloris,Rothschild,F,0 Corben Circle,352-754-8417,drothschilda6@barnesandnoble.com
Vince,Lickorish,M,4122 Barnett Way,271-958-9308,vlickorisha7@msn.com
Johannah,Hunnable,F,06 Aberg Circle,223-805-2291,jhunnablea8@apple.com
Fax,Hastilow,M,343 Monument Pass,793-854-2737,fhastilowa9@slashdot.org
Nannette,Casolla,F,79 Monica Junction,740-570-4195,ncasollaaa@reverbnation.com
Heda,Gregor,F,17515 Fisk Plaza,518-703-4896,hgregorab@cdc.gov
Yasmin,Reek,F,0 Bunting Street,132-504-9438,yreekac@earthlink.net
Darill,Dreus,M,21419 Laurel Center,943-790-1897,ddreusad@technorati.com
Isaak,Kerfoot,M,4 Dorton Lane,590-451-6492,ikerfootae@mysql.com
Haily,Apps,M,0542 6th Lane,621-506-3344,happsaf@noaa.gov
Findley,Lumsdale,M,96 Green Ridge Center,813-373-7502,flumsdaleag@indiegogo.com
Guthry,Gemlbett,M,32 Pankratz Way,274-231-6267,ggemlbettah@squarespace.com
Terrye,Mulqueeny,F,7 Graceland Court,800-130-0668,tmulqueenyai@hhs.gov
Debby,Aseef,F,0063 Summer Ridge Point,918-911-1098,daseefaj@elegantthemes.com
Herbie,Baigrie,M,6283 Hovde Lane,483-280-6060,hbaigrieak@g.co
Asa,Epdell,M,1 Kensington Trail,313-606-8077,aepdellal@oracle.com
Bastian,Kroll,M,531 Crownhardt Way,209-463-4213,bkrollam@so-net.ne.jp
Jessie,Choake,M,27692 Ridgeway Center,994-399-1279,jchoakean@wsj.com
Gregorio,Mardy,M,38611 Bunker Hill Trail,835-175-3502,gmardyao@newyorker.com
Neddy,Hasluck,M,9823 Granby Center,105-731-4395,nhasluckap@jugem.jp
Felizio,Frammingham,M,1 Sundown Road,508-337-2392,fframminghamaq@discovery.com
Valentino,Whitsey,M,99001 Arkansas Street,493-289-3810,vwhitseyar@businessweek.com
Greer,Garber,F,0373 Bowman Court,660-334-1885,ggarberas@miitbeian.gov.cn
Monica,Pinkett,F,69 Dunning Pass,445-379-3144,mpinkettat@nps.gov
Tonye,Parlet,F,64 Melody Parkway,440-432-7627,tparletau@sitemeter.com
Libby,Rangeley,F,19503 Mayfield Center,642-652-4693,lrangeleyav@imageshack.us
Kimberli,Thomasset,F,6 Daystar Hill,443-484-7843,kthomassetaw@oaic.gov.au
Leonidas,Grey,M,00305 Mesta Way,423-334-2713,lgreyax@list-manage.com
Hallsy,Emblem,M,499 Shelley Point,847-145-1196,hemblemay@dion.ne.jp
Marwin,Iglesias,M,5050 Northwestern Alley,692-361-0344,miglesiasaz@furl.net
Halsy,Stoate,M,84660 Mockingbird Pass,298-222-4852,hstoateb0@stumbleupon.com
Gabbie,Nehls,M,0921 Cambridge Trail,988-452-4268,gnehlsb1@seesaa.net
Kanya,Zollner,F,599 Merchant Pass,538-125-2643,kzollnerb2@g.co
Violetta,Crenage,F,4 Hanover Trail,391-537-1770,vcrenageb3@netscape.com
Thaxter,Eard,M,70894 Basil Trail,271-384-4150,teardb4@accuweather.com
Etheline,McKelloch,F,03 Laurel Lane,631-896-6915,emckellochb5@g.co
Evanne,Thurbon,F,4717 Continental Plaza,362-376-2215,ethurbonb6@exblog.jp
Ludovika,Truter,F,957 Shasta Point,152-582-1203,ltruterb7@weather.com
Joyann,Piletic,F,29904 Esch Pass,456-208-1619,jpileticb8@lulu.com
Maye,Foyster,F,012 Bobwhite Pass,355-609-3804,mfoysterb9@archive.org
Teodoor,Gladstone,M,8 Monterey Center,728-710-0328,tgladstoneba@amazon.com
Tiena,De Winton,F,8 Swallow Way,788-649-5409,tdewintonbb@123-reg.co.uk
Nester,Pratley,M,622 Loomis Place,311-560-5375,npratleybc@eepurl.com
Marylou,MacRinn,F,1 Cascade Court,426-497-8258,mmacrinnbd@huffingtonpost.com
Tyson,Otterwell,M,8072 Columbus Parkway,770-699-9731,totterwellbe@lycos.com
Genni,Mibourne,F,6 Pepper Wood Alley,958-911-3244,gmibournebf@forbes.com
Clemente,Mayger,M,9682 Menomonie Trail,129-314-4894,cmaygerbg@dell.com
Oralie,Cockton,F,7 Waywood Road,884-616-8023,ococktonbh@ycombinator.com
Zacharia,Tolchar,M,102 Alpine Plaza,933-238-8573,ztolcharbi@marriott.com
Bendix,Jessep,M,143 Fair Oaks Circle,890-610-3779,bjessepbj@zdnet.com
Aryn,Oehm,F,00482 Ramsey Plaza,722-516-7611,aoehmbk@arizona.edu
Carlen,Nenci,F,541 Express Lane,639-298-4978,cnencibl@businessinsider.com
Gabi,Pietrusiak,F,40145 Hanson Plaza,102-443-2223,gpietrusiakbm@sourceforge.net
Thibaud,Proom,M,2481 Kennedy Lane,848-451-9679,tproombn@hatena.ne.jp
Sophi,Vaillant,F,93714 Mitchell Avenue,653-710-0383,svaillantbo@state.gov
Arabelle,Brankley,F,32293 Fair Oaks Crossing,294-301-6965,abrankleybp@oakley.com
Tristam,Macguire,M,1 Spohn Drive,407-532-3833,tmacguirebq@opensource.org
Henriette,Vedeniktov,F,7 Ilene Place,681-887-4085,hvedeniktovbr@dion.ne.jp
Dina,Scotchmur,F,0 Larry Drive,232-506-9888,dscotchmurbs@digg.com
Natale,Grut,M,62337 Novick Trail,502-203-5294,ngrutbt@bluehost.com
Nikolos,Mattke,M,809 Talisman Plaza,760-888-5206,nmattkebu@goo.gl
Valli,Martell,F,95428 Utah Lane,766-804-0610,vmartellbv@moonfruit.com
Ashil,Ciardo,F,60991 Harper Trail,928-457-3597,aciardobw@reddit.com
Robby,Indgs,F,390 Hermina Pass,992-389-1718,rindgsbx@ow.ly
Chelsey,Millmoe,F,8307 Sachtjen Parkway,208-686-9499,cmillmoeby@free.fr
Heather,Screech,F,64122 Norway Maple Circle,384-423-2514,hscreechbz@paginegialle.it
Gib,Fairnie,M,5641 Mendota Alley,329-165-4642,gfairniec0@cmu.edu
Rebecka,Dyke,F,944 Oxford Park,924-359-1437,rdykec1@rediff.com
Jonathon,Beecraft,M,0 Homewood Terrace,374-614-9579,jbeecraftc2@blogspot.com
Imogene,Oattes,F,7 Marcy Lane,280-866-2557,ioattesc3@macromedia.com
Ramon,Kilius,M,74144 Blaine Circle,602-622-1989,rkiliusc4@ca.gov
Marcy,Vondrak,F,26698 Nancy Drive,296-951-2385,mvondrakc5@rambler.ru
Lon,Willoway,M,14 Barnett Lane,518-161-8984,lwillowayc6@nationalgeographic.com
Quintus,Sesons,M,082 Lotheville Street,404-319-9041,qsesonsc7@mozilla.com
Abbott,Silvester,M,2 Ridgeview Hill,881-558-8342,asilvesterc8@nba.com
Drusy,Ducarne,F,8553 Roth Trail,910-988-1634,dducarnec9@slate.com
Niles,Leroy,M,6 Schmedeman Junction,317-848-0903,nleroyca@thetimes.co.uk
Twila,Antoniades,F,3 Stang Junction,916-954-0354,tantoniadescb@imageshack.us
Conni,Boatright,F,4701 Debra Circle,285-241-6004,cboatrightcc@umich.edu
Constantin,Tydd,M,57 Northridge Terrace,211-850-4455,ctyddcd@woothemes.com
Alyse,Edgington,F,2 Green Trail,629-110-5153,aedgingtonce@eventbrite.com
Randa,Tym,F,532 Dottie Drive,340-456-9121,rtymcf@phpbb.com
Stephen,Semple,M,393 Maple Wood Terrace,372-314-7387,ssemplecg@aboutads.info
Julianne,Hubbis,F,740 Scoville Terrace,820-557-6591,jhubbisch@forbes.com
Sib,Bendall,F,1 Eagle Crest Pass,406-257-4471,sbendallci@engadget.com
Errol,Fidian,M,62456 Stuart Way,298-377-2859,efidiancj@archive.org
Lurline,Tippings,F,588 Sommers Hill,544-479-5030,ltippingsck@cnet.com
Reina,Lickorish,F,77 Pleasure Plaza,434-912-9354,rlickorishcl@upenn.edu
Ermengarde,Strass,F,772 Roxbury Alley,606-754-2267,estrasscm@mapquest.com
Willow,Saffe,F,79 Brentwood Court,404-150-0136,wsaffecn@php.net
Vikky,Klouz,F,03 8th Parkway,536-183-3225,vklouzco@fema.gov
Giffy,Robarts,M,41 Memorial Place,521-737-3405,grobartscp@ehow.com
Dara,Bonellie,F,50 Portage Trail,790-858-8132,dbonelliecq@nytimes.com
Linnet,Mulheron,F,38637 Eagle Crest Pass,139-334-6361,lmulheroncr@com.com
Elfrieda,Bedle,F,113 Hoffman Crossing,690-537-9473,ebedlecs@rediff.com
Ogden,Duester,M,2793 Glendale Point,153-716-1358,oduesterct@shinystat.com
Giustina,Maddrell,F,45 Cordelia Drive,535-153-5502,gmaddrellcu@ustream.tv
Jacquette,Harrowsmith,F,4 Dawn Court,995-536-6212,jharrowsmithcv@buzzfeed.com
Griffy,Watt,M,03 Blackbird Center,953-968-5047,gwattcw@feedburner.com
Rustie,Grassick,M,66581 5th Parkway,982-743-8035,rgrassickcx@cargocollective.com
Rice,Ozelton,M,17186 Petterle Terrace,533-288-9933,rozeltoncy@wunderground.com
Cozmo,Welds,M,02412 Oak Valley Parkway,785-316-8737,cweldscz@stanford.edu
Thibaud,Heaton,M,47050 8th Park,666-500-8746,theatond0@webmd.com
Adan,Ricciardiello,F,2 Muir Road,569-171-1916,aricciardiellod1@naver.com
Broderic,Baddow,M,110 Lakeland Plaza,194-862-8456,bbaddowd2@geocities.com
Jordanna,Bicker,F,36 Holy Cross Circle,655-252-3531,jbickerd3@purevolume.com
Olivette,Hubatsch,F,33 Hovde Place,593-984-9043,ohubatschd4@upenn.edu
Creight,Domerque,M,06 Sachtjen Road,971-408-8770,cdomerqued5@etsy.com
Irvin,Casazza,M,381 Blackbird Way,279-993-0856,icasazzad6@github.io
Lenna,Bean,F,7383 Merrick Hill,458-854-5104,lbeand7@wordpress.com
Buddy,Andrzejowski,M,1893 Mandrake Court,966-176-4658,bandrzejowskid8@mac.com
Way,O'Hogertie,M,3381 Oak Valley Hill,854-259-7637,wohogertied9@networksolutions.com
Cass,Cadogan,M,60044 Lighthouse Bay Junction,904-395-9806,ccadoganda@npr.org
Rupert,Heijne,M,137 Barby Hill,179-185-9352,rheijnedb@wordpress.org
Raychel,Almeida,F,3 Cascade Way,216-312-8407,ralmeidadc@comsenz.com
Etienne,Seeks,M,95992 Reinke Street,688-499-2855,eseeksdd@java.com
Dagmar,Upex,F,0876 Mifflin Terrace,843-566-4928,dupexde@google.ru
Harper,Doughartie,M,3344 Eagle Crest Parkway,806-150-1244,hdoughartiedf@patch.com
Johnathon,Umbers,M,95984 Cody Crossing,532-551-5004,jumbersdg@mac.com
Sully,Parrish,M,78 Westport Crossing,896-471-4069,sparrishdh@ucla.edu
Janetta,Roser,F,4843 Warrior Crossing,428-254-0164,jroserdi@sbwire.com
Dollie,Wraighte,F,408 Bluejay Pass,444-159-1751,dwraightedj@bing.com
Jenna,Fury,F,445 Katie Lane,236-411-7735,jfurydk@webmd.com
Morna,Olenov,F,61 Alpine Parkway,126-347-7852,molenovdl@mit.edu
Wanids,Oddie,F,832 Dennis Trail,674-826-1750,woddiedm@ihg.com
Penelopa,Konerding,F,4204 Texas Pass,131-929-6959,pkonerdingdn@nature.com
Fitzgerald,Sides,M,3 Warrior Alley,980-140-4167,fsidesdo@cdc.gov
Tomlin,Doy,M,9109 Blaine Street,719-966-4398,tdoydp@ft.com
Maury,Sinott,M,2021 Oxford Lane,739-890-1795,msinottdq@bravesites.com
Clair,Beckford,M,78 Logan Alley,507-376-3084,cbeckforddr@omniture.com
Nefen,Labarre,M,58 Springview Court,203-189-4019,nlabarreds@com.com
Lynnell,Hollows,F,59 Hollow Ridge Avenue,632-725-9639,lhollowsdt@ameblo.jp
Gustie,Richt,F,7488 School Place,127-709-2862,grichtdu@alibaba.com
Gearard,Whittick,M,36 Butterfield Court,132-372-8034,gwhittickdv@linkedin.com
Germaine,Aloshechkin,F,1 Pierstorff Drive,511-783-5367,galoshechkindw@ameblo.jp
Bennie,Hoofe,M,9738 Di Loreto Place,928-396-7506,bhoofedx@cornell.edu
Nicko,Baytrop,M,3 Luster Drive,693-388-5723,nbaytropdy@privacy.gov.au
Jock,Willmer,M,87486 Heffernan Park,904-816-8929,jwillmerdz@canalblog.com
Bernette,Raigatt,F,05 Talmadge Hill,287-112-3746,braigatte0@so-net.ne.jp
Jamison,Mordie,M,1 Mockingbird Parkway,950-711-3282,jmordiee1@samsung.com
Nan,Elsmore,F,0 Lerdahl Way,524-353-7310,nelsmoree2@google.com.br
Devonna,Slocum,F,8906 Kings Place,299-579-4150,dslocume3@sina.com.cn
Flory,Aishford,M,0512 Westend Terrace,241-749-6530,faishforde4@squidoo.com
Billye,Wilkerson,F,543 Leroy Park,974-873-0638,bwilkersone5@wordpress.org
Catherin,Buttwell,F,45424 Sutherland Court,997-787-0039,cbuttwelle6@ft.com
Anett,Joanic,F,4048 Spenser Point,955-120-2500,ajoanice7@dedecms.com
Fair,Brettle,M,3 Garrison Park,946-904-6707,fbrettlee8@redcross.org
Adora,Gillings,F,46973 Sachs Terrace,673-632-1237,agillingse9@dot.gov
Alanah,Clyburn,F,21 Alpine Plaza,106-240-0491,aclyburnea@ovh.net
Idette,Frounks,F,84 Tony Plaza,777-130-3095,ifrounkseb@barnesandnoble.com
Ber,Sealey,M,91 Moulton Pass,341-918-2562,bsealeyec@huffingtonpost.com
Rhea,Drinkall,F,42236 Florence Court,991-180-5693,rdrinkalled@sciencedirect.com
Vida,Bromehed,F,958 Tomscot Point,259-344-4883,vbromehedee@ask.com
Betty,Tanby,F,544 Katie Center,419-249-9740,btanbyef@drupal.org
Fulton,Plott,M,875 Carberry Lane,977-753-8123,fplotteg@cbc.ca
Adiana,Keson,F,7 Myrtle Park,286-146-3407,akesoneh@samsung.com
Giovanna,Fateley,F,422 Wayridge Trail,925-128-5833,gfateleyei@discovery.com
Guenna,Blakeley,F,35046 Bluestem Junction,644-305-8719,gblakeleyej@youku.com
Caroljean,Pratty,F,74 Old Gate Park,636-895-6256,cprattyek@webs.com
Benedick,Twyning,M,70232 Truax Alley,424-357-4611,btwyningel@digg.com
Serena,Edmeades,F,58227 Sloan Center,388-908-4398,sedmeadesem@umn.edu
Petey,Cleghorn,M,98 Dahle Drive,643-159-4132,pcleghornen@google.de
Warde,Uppett,M,894 Graedel Plaza,670-483-2587,wuppetteo@timesonline.co.uk
Parsifal,Yter,M,51 Twin Pines Hill,905-190-7619,pyterep@google.com
Ansell,Brownlea,M,6078 Pine View Plaza,839-507-7872,abrownleaeq@naver.com
Rosie,Hattam,F,87490 Hansons Junction,654-119-3438,rhattamer@harvard.edu
Camey,Crowth,M,5564 Golf View Drive,375-260-4111,ccrowthes@ox.ac.uk
Kaylee,Diter,F,085 Northridge Terrace,799-440-2480,kditeret@walmart.com
Eolande,Belchambers,F,913 Jana Point,880-682-5118,ebelchamberseu@weather.com
Carmelle,MacCauley,F,42 Union Trail,378-533-9365,cmaccauleyev@latimes.com
Wainwright,Doddemeede,M,3 Service Terrace,791-676-3981,wdoddemeedeew@4shared.com
Bobina,Gaddie,F,86188 Lawn Circle,626-188-1521,bgaddieex@rakuten.co.jp
Jaime,Coppock.,F,221 Esch Avenue,572-611-9444,jcoppockey@blog.com
Katti,Bootell,F,93893 Sutherland Road,804-441-3407,kbootellez@mozilla.org
Myrtie,Luxen,F,44594 Nelson Junction,542-129-5429,mluxenf0@answers.com
Obie,Gilli,M,6 Straubel Avenue,895-856-5774,ogillif1@lycos.com
Athena,Plevin,F,00224 Maywood Junction,633-466-0011,aplevinf2@angelfire.com
Moshe,Rapley,M,3380 Clyde Gallagher Avenue,317-155-5618,mrapleyf3@illinois.edu
Ozzy,Rey,M,483 Petterle Lane,589-452-1472,oreyf4@technorati.com
Zaneta,Togher,F,424 Logan Street,363-207-2935,ztogherf5@imageshack.us
Britt,Gatehouse,M,50 Towne Court,746-840-1963,bgatehousef6@pagesperso-orange.fr
Koenraad,Tethacot,M,21935 Buell Crossing,291-460-1353,ktethacotf7@parallels.com
Shirlene,Huegett,F,425 Eggendart Junction,191-885-1846,shuegettf8@list-manage.com
Brendis,Chatto,M,3 Ramsey Terrace,298-996-0161,bchattof9@unblog.fr
Ario,Antoniottii,M,4 Sutherland Circle,272-304-4052,aantoniottiifa@godaddy.com
Pepillo,Setch,M,24381 Forster Drive,852-444-7156,psetchfb@behance.net
Pip,Tewkesbury.,M,17 John Wall Hill,452-872-3513,ptewkesburyfc@hhs.gov
Doloritas,Lamport,F,117 Namekagon Street,505-620-4522,dlamportfd@psu.edu
Kristy,Schuricke,F,12 Menomonie Plaza,869-771-4782,kschurickefe@ucla.edu
Antonia,Garbert,F,8355 Lawn Street,761-799-8661,agarbertff@bbc.co.uk
Nellie,Sollon,F,4 Birchwood Crossing,782-743-3164,nsollonfg@usa.gov
Kanya,Mapplebeck,F,4 Judy Pass,319-994-3558,kmapplebeckfh@freewebs.com
Forrest,Haggard,M,3141 Di Loreto Hill,466-349-7041,fhaggardfi@harvard.edu
Pen,Wavish,M,580 Debra Way,735-531-4795,pwavishfj@house.gov
Nerta,Aupol,F,82 Jana Place,447-510-3009,naupolfk@goodreads.com
Sheba,Hamer,F,03796 Grasskamp Plaza,169-928-4300,shamerfl@phoca.cz
Ted,Faulkener,M,2874 Gale Point,130-450-8860,tfaulkenerfm@sitemeter.com
Gena,Walework,F,7 Transport Trail,472-587-1546,gwaleworkfn@xrea.com
Janaya,Lothlorien,F,73 Blue Bill Park Crossing,613-136-6900,jlothlorienfo@huffingtonpost.com
Teodoor,Legges,M,14 Moland Plaza,602-284-9498,tleggesfp@auda.org.au
Pepi,Davley,F,3306 Mccormick Place,120-670-3053,pdavleyfq@columbia.edu
Grange,Brogioni,M,84 8th Point,566-554-0487,gbrogionifr@behance.net
Layne,Braisby,F,40 Northwestern Avenue,876-175-4952,lbraisbyfs@bloglovin.com
Lisle,Floweth,M,49146 Pine View Plaza,204-542-9537,lflowethft@pbs.org
Cissy,Winson,F,9530 Loomis Drive,483-149-7787,cwinsonfu@sciencedirect.com
Fredric,Priditt,M,4 Hooker Terrace,901-587-8124,fpridittfv@ted.com
Earvin,Eckley,M,0 Stoughton Pass,231-357-8215,eeckleyfw@example.com
Amii,Needs,F,98 Pawling Point,891-384-0541,aneedsfx@reverbnation.com
Brittni,Anthoin,F,41161 4th Avenue,129-742-7026,banthoinfy@dagondesign.com
Mohammed,Ziemsen,M,45730 Comanche Lane,309-458-8836,mziemsenfz@constantcontact.com
Kiele,Kneeland,F,0440 Everett Court,215-489-8658,kkneelandg0@bizjournals.com
Karylin,Labbey,F,80148 Kensington Street,648-848-1095,klabbeyg1@techcrunch.com
Brnaby,Serman,M,25 Butternut Circle,892-677-8033,bsermang2@gmpg.org
Antonietta,Salle,F,4 Nova Way,421-136-5969,asalleg3@t-online.de
Julieta,Kilsby,F,790 Dovetail Road,603-820-5100,jkilsbyg4@adobe.com
Geoffry,Feldbaum,M,65 Delladonna Place,305-387-7069,gfeldbaumg5@cnn.com
Robert,Franschini,M,9873 Dennis Park,287-746-1827,rfranschinig6@123-reg.co.uk
Nichole,Durno,M,3 Kingsford Junction,533-782-3199,ndurnog7@earthlink.net
Wendie,Harmar,F,259 Milwaukee Park,705-802-3752,wharmarg8@drupal.org
Godfree,Twine,M,0 Pleasure Lane,855-904-1900,gtwineg9@soundcloud.com
Jocelyn,Pannaman,F,991 Mayfield Terrace,484-873-6888,jpannamanga@bbb.org
Torre,Darth,M,326 Arizona Road,863-273-5351,tdarthgb@so-net.ne.jp
Karleen,Tipton,F,04979 Killdeer Trail,235-680-7111,ktiptongc@deviantart.com
Dela,Commucci,F,3 Roth Trail,466-480-2982,dcommuccigd@printfriendly.com
Jayson,Mustoo,M,59318 Macpherson Drive,322-585-4374,jmustooge@tamu.edu
Tore,Pullman,M,6 Lillian Lane,256-755-7838,tpullmangf@geocities.com
Gibbie,Skippon,M,8 Crowley Street,390-529-5366,gskippongg@psu.edu
Lynnelle,Stolz,F,1 Ridgeway Center,911-842-9890,lstolzgh@google.nl
King,Entissle,M,89325 Hanson Pass,278-937-9459,kentisslegi@flickr.com
Jeramie,King,M,649 Jackson Center,997-819-5338,jkinggj@indiegogo.com
Pail,Piburn,M,0088 Tomscot Circle,678-770-1146,ppiburngk@ucsd.edu
Ansell,Kirkbride,M,22180 Hoepker Avenue,236-538-2841,akirkbridegl@usda.gov
Rouvin,Takle,M,251 Toban Court,373-682-5463,rtaklegm@pinterest.com
Wilmer,Juarez,M,1197 Sundown Center,783-126-6062,wjuarezgn@macromedia.com
Timotheus,Barwick,M,852 Goodland Point,230-781-9321,tbarwickgo@diigo.com
Cris,Banishevitz,M,1202 Bobwhite Alley,170-443-6252,cbanishevitzgp@shareasale.com
Dwayne,Chapling,M,012 Stang Avenue,808-154-7265,dchaplinggq@europa.eu
Libbey,Faulconbridge,F,4708 West Street,577-538-4919,lfaulconbridgegr@yellowbook.com
Jesselyn,Pledger,F,20 Emmet Parkway,216-272-4534,jpledgergs@wikia.com
Randa,Peskett,F,7 Elka Hill,585-334-4777,rpeskettgt@shop-pro.jp
Jess,Trussman,M,8784 Delladonna Parkway,436-866-0036,jtrussmangu@soup.io
Deena,Fillery,F,2356 Summer Ridge Road,540-635-1946,dfillerygv@epa.gov
Leonidas,Harcombe,M,801 Kenwood Center,343-339-3477,lharcombegw@bing.com
Bettye,Glisane,F,6 Spaight Crossing,128-741-2887,bglisanegx@scribd.com
Rodina,Westerman,F,66 Gale Junction,855-262-7201,rwestermangy@washington.edu
Nerti,Ornillos,F,231 Susan Trail,280-792-3805,nornillosgz@mashable.com
Padget,Sutty,M,4321 Colorado Center,810-654-2213,psuttyh0@soundcloud.com
Rae,Fakes,F,3299 Lakewood Gardens Place,771-224-2226,rfakesh1@printfriendly.com
Derek,Wheatley,M,76840 Waywood Drive,245-619-3675,dwheatleyh2@senate.gov
Orelie,Shutler,F,78 Glacier Hill Circle,196-994-1551,oshutlerh3@zdnet.com
Margaux,Wassell,F,4 Lien Parkway,118-637-5719,mwassellh4@deliciousdays.com
Casper,Tivolier,M,5006 North Center,411-774-3041,ctivolierh5@github.com
Tan,Antyukhin,M,25 Atwood Alley,957-319-7298,tantyukhinh6@phpbb.com
Isahella,Barttrum,F,573 Forest Run Terrace,871-717-0990,ibarttrumh7@tumblr.com
Fredra,Lippiett,F,465 Riverside Park,741-440-2259,flippietth8@google.nl
Oralia,Swadden,F,093 Holmberg Trail,255-918-2652,oswaddenh9@booking.com
Celestia,Winterborne,F,36095 3rd Hill,774-204-9763,cwinterborneha@hugedomains.com
Kaela,Scammell,F,19993 Trailsway Lane,116-539-6880,kscammellhb@geocities.com
Anthea,Ellesworthe,F,64 Kim Road,413-780-5299,aellesworthehc@oakley.com
Dolley,McKerrow,F,38 Buell Avenue,651-741-4480,dmckerrowhd@gmpg.org
Inglebert,Adaway,M,5518 Sutherland Park,504-362-0022,iadawayhe@alexa.com
Pru,Frazer,F,68 Lindbergh Street,283-793-2485,pfrazerhf@stanford.edu
Abran,Adelman,M,03 Di Loreto Parkway,620-566-6116,aadelmanhg@shop-pro.jp
Ali,MacDavitt,F,4 Laurel Circle,248-950-1877,amacdavitthh@mozilla.com
Leonerd,Boothby,M,423 Sauthoff Hill,513-341-3111,lboothbyhi@rediff.com
Tristan,Meffen,M,3055 John Wall Drive,422-542-6005,tmeffenhj@buzzfeed.com
Randell,Grzegorecki,M,98540 Cody Lane,656-122-8187,rgrzegoreckihk@unesco.org
Karie,Ditt,F,63 Graceland Point,387-794-5464,kditthl@nymag.com
Bellina,Alsina,F,0339 Hallows Circle,773-531-9568,balsinahm@reddit.com
Dyana,Tibols,F,6249 Ronald Regan Point,821-607-7190,dtibolshn@yahoo.com
Amelia,Paszek,F,32949 Hovde Drive,399-662-9893,apaszekho@miibeian.gov.cn
Quentin,Matkovic,M,60441 Donald Court,988-910-0987,qmatkovichp@vimeo.com
Genny,Creenan,F,626 Porter Plaza,849-950-6402,gcreenanhq@nature.com
Laurent,Matevosian,M,3 Sugar Place,877-115-5590,lmatevosianhr@marketwatch.com
Eustacia,Dowles,F,6 Ryan Parkway,419-798-8340,edowleshs@blogger.com
Hoyt,Gaddie,M,73846 Northport Circle,407-180-1663,hgaddieht@washingtonpost.com
Giana,Burder,F,53865 Arrowood Center,439-418-5159,gburderhu@ameblo.jp
Lindon,Wattingham,M,6752 Chive Terrace,952-559-2422,lwattinghamhv@pagesperso-orange.fr
Nannette,Gulleford,F,5276 Washington Park,752-165-0591,ngullefordhw@bloglovin.com
Kay,Tharme,F,48 Darwin Drive,657-206-3295,ktharmehx@senate.gov
Donall,Webby,M,62785 Dexter Plaza,455-284-8841,dwebbyhy@dailymotion.com
Gerrilee,Bette,F,0 Little Fleur Lane,550-791-2654,gbettehz@theglobeandmail.com
Shoshana,Valenti,F,59 Nelson Park,311-170-5019,svalentii0@ftc.gov
Taryn,Gecke,F,172 Green Plaza,960-816-4774,tgeckei1@edublogs.org
Rubina,Maulin,F,7897 Hudson Road,160-553-8986,rmaulini2@slideshare.net
Sheff,Cahan,M,45788 Gale Crossing,203-633-9215,scahani3@mail.ru
Darby,Cruddace,F,93 Aberg Trail,382-211-1182,dcruddacei4@newsvine.com
Augustine,Stotherfield,M,9956 Randy Street,761-801-5581,astotherfieldi5@netscape.com
Lulu,Holttom,F,58 Bobwhite Place,993-112-2664,lholttomi6@123-reg.co.uk
Delaney,Trim,M,14 Loeprich Center,333-970-8197,dtrimi7@artisteer.com
Paulie,Kenderdine,M,6020 Paget Court,865-873-0173,pkenderdinei8@unesco.org
Jacynth,Christoffersen,F,14 Arapahoe Pass,877-211-1848,jchristofferseni9@cisco.com
Trudy,Girkins,F,91125 Crest Line Park,821-628-8638,tgirkinsia@sina.com.cn
Arabelle,Southerell,F,03566 Oak Alley,351-936-2259,asoutherellib@biglobe.ne.jp
Melvyn,Polin,M,56993 Scoville Crossing,923-938-9008,mpolinic@nydailynews.com
Jerad,Lowles,M,93771 Graceland Park,945-823-1727,jlowlesid@tinypic.com
Isidora,Deverson,F,24398 Messerschmidt Parkway,625-846-7743,ideversonie@whitehouse.gov
Crissy,Demange,F,5 Farmco Way,865-670-0329,cdemangeif@bravesites.com
Orlando,Eilhertsen,M,7786 Melrose Trail,193-409-5192,oeilhertsenig@usgs.gov
Lana,Dresche,F,81 Center Street,972-391-7033,ldrescheih@360.cn
Conrade,Janczyk,M,5878 Redwing Circle,212-398-1532,cjanczykii@nhs.uk
Correy,Lennox,F,6 1st Crossing,439-924-0085,clennoxij@buzzfeed.com
Maury,Desesquelle,M,0 Ridgeview Lane,431-328-4391,mdesesquelleik@wiley.com
Mitzi,Langcaster,F,29 Thierer Plaza,385-741-1815,mlangcasteril@whitehouse.gov
Stinky,Kobsch,M,680 Annamark Pass,476-802-6077,skobschim@squidoo.com
Robbie,Manchester,M,25 Miller Park,898-480-6709,rmanchesterin@amazon.co.jp
Arluene,Crozier,F,5160 2nd Parkway,751-852-7248,acrozierio@army.mil
Alberta,Ingle,F,329 Melby Way,744-905-4224,aingleip@livejournal.com
Edvard,Tather,M,4009 Bartillon Terrace,728-482-6561,etatheriq@blogspot.com
Sidonnie,Whiley,F,131 New Castle Center,934-148-5865,swhileyir@unicef.org
Thaxter,Epgrave,M,1 Arkansas Alley,721-894-1458,tepgraveis@canalblog.com
Noll,Kenewel,M,913 Victoria Terrace,582-847-5296,nkenewelit@lulu.com
Merilyn,Gonneau,F,154 Carberry Pass,470-516-3495,mgonneauiu@scribd.com
Arabele,Pocknoll,F,99689 Emmet Hill,448-882-9517,apocknolliv@technorati.com
Faber,Lujan,M,255 Cherokee Road,427-286-4568,flujaniw@liveinternet.ru
Ava,Reppaport,F,31 Shoshone Lane,292-295-8085,areppaportix@google.com.br
Dominica,Berrane,F,78110 Mitchell Way,384-315-5230,dberraneiy@toplist.cz
Joly,Bucksey,F,9 Delaware Court,883-265-8133,jbuckseyiz@wunderground.com
Jaclin,Pedersen,F,8 Farmco Plaza,873-470-9340,jpedersenj0@people.com.cn
Noby,Crees,M,073 Russell Court,869-118-9535,ncreesj1@shareasale.com
Scotty,Cortez,M,83 Coleman Hill,791-670-3968,scortezj2@gov.uk
Hillary,Cleyburn,F,439 Rusk Street,540-579-2592,hcleyburnj3@w3.org
Travers,Shillabeer,M,3881 Sage Drive,321-778-1274,tshillabeerj4@goodreads.com
Angelo,Fellenor,M,20 Clemons Way,449-960-1040,afellenorj5@reverbnation.com
Marlee,Guynemer,F,631 Helena Avenue,516-326-8886,mguynemerj6@lycos.com
Callida,Cockcroft,F,355 Clemons Junction,157-424-0828,ccockcroftj7@stumbleupon.com
Iormina,Guyonnet,F,19650 Veith Road,865-670-9345,iguyonnetj8@quantcast.com
Yolanda,Craigie,F,5 Memorial Place,188-119-0970,ycraigiej9@patch.com
Angelika,Kliche,F,50319 Kinsman Park,886-622-0168,aklicheja@youtube.com
Guthrey,Armitt,M,8 Hoard Park,778-824-2070,garmittjb@wired.com
Magdalene,MacNally,F,93185 Sunnyside Place,903-475-6382,mmacnallyjc@nytimes.com
Collie,Fegan,F,08 Basil Road,134-132-9995,cfeganjd@trellian.com
Jolee,Adderley,F,8778 Sunbrook Court,809-805-2947,jadderleyje@prlog.org
Gavan,Marty,M,924 Prairie Rose Park,723-396-2941,gmartyjf@marketwatch.com
Gib,Lamblin,M,191 Warbler Terrace,184-672-7135,glamblinjg@wix.com
Johnny,Gault,M,24 Rusk Plaza,666-122-8916,jgaultjh@unicef.org
Bennie,Athridge,F,18 Dapin Plaza,382-135-7554,bathridgeji@imageshack.us
Celina,Siman,F,9070 Raven Park,614-613-0158,csimanjj@drupal.org
Sax,Salliere,M,4 Brickson Park Court,197-521-9266,ssallierejk@simplemachines.org
Glynn,Bairnsfather,M,8 Nobel Junction,134-468-7709,gbairnsfatherjl@comsenz.com
Heidi,Prentice,F,39 Mockingbird Junction,800-177-4319,hprenticejm@google.com
Minda,Dundon,F,6768 Boyd Terrace,509-115-6965,mdundonjn@vimeo.com
Nolly,Espinoy,M,92 Eastlawn Alley,737-149-0529,nespinoyjo@cnbc.com
Aguie,Huggard,M,74 Alpine Street,731-729-6669,ahuggardjp@amazon.co.jp
Annmarie,McCosh,F,632 Cottonwood Point,313-261-3664,amccoshjq@xrea.com
Hailey,Bucknill,M,7559 Cottonwood Pass,386-567-1761,hbucknilljr@barnesandnoble.com
Dalston,Hugin,M,93 Canary Circle,544-345-9211,dhuginjs@smugmug.com
Otes,Toun,M,00 Cambridge Junction,119-698-0667,otounjt@virginia.edu
Monika,Hampstead,F,96 Claremont Trail,443-631-8748,mhampsteadju@merriam-webster.com
Cyb,Yushmanov,F,5277 Monterey Crossing,994-718-3311,cyushmanovjv@ebay.com
Morna,De La Cote,F,916 Gina Street,476-896-2506,mdelacotejw@squidoo.com
Fidelio,Wenderott,M,448 Ramsey Trail,563-965-9007,fwenderottjx@bandcamp.com
Sawyer,Blindermann,M,50451 Michigan Crossing,888-994-5000,sblindermannjy@sakura.ne.jp
Harriette,Kezourec,F,0 La Follette Crossing,447-569-7314,hkezourecjz@opensource.org
Laureen,Treece,F,09 Riverside Road,170-846-2134,ltreecek0@feedburner.com
Barbabas,Gartell,M,05 Spenser Place,395-220-5632,bgartellk1@pinterest.com
Siward,Giffon,M,58 Spaight Avenue,807-670-7967,sgiffonk2@booking.com
Kaitlin,Parades,F,9 Swallow Way,679-763-5455,kparadesk3@amazon.co.jp
Cele,Kalkofer,F,86 Blue Bill Park Terrace,875-136-9195,ckalkoferk4@networksolutions.com
Abigael,Fishburn,F,842 Acker Avenue,425-604-1876,afishburnk5@booking.com
Jeth,Wateridge,M,10 Pleasure Pass,336-642-0986,jwateridgek6@purevolume.com
Lauren,Videan,F,1 Morrow Street,137-279-3963,lvideank7@reference.com
Rodrigo,Championnet,M,84222 Waxwing Point,373-451-0323,rchampionnetk8@printfriendly.com
Bettine,Dod,F,18 Golf Place,723-151-1128,bdodk9@cam.ac.uk
John,McLoney,M,94772 Nancy Avenue,512-471-0062,jmcloneyka@omniture.com
Quint,Doorey,M,5 Blackbird Road,181-819-2864,qdooreykb@marriott.com
Haleigh,Augustine,M,41102 Petterle Parkway,379-487-0539,haugustinekc@imgur.com
Melany,Sponer,F,6 East Parkway,941-306-1124,msponerkd@amazon.co.jp
Obediah,Tanser,M,582 Elgar Hill,405-784-9573,otanserke@google.co.jp
Shawnee,Vanelli,F,777 Lerdahl Place,350-911-3247,svanellikf@weather.com
Hall,Rawling,M,65749 Lakewood Avenue,687-379-2006,hrawlingkg@time.com
Duane,Dinjes,M,5948 Colorado Road,413-472-6961,ddinjeskh@ucoz.com
Jeannine,Dibdin,F,2 Debs Road,689-531-3397,jdibdinki@gnu.org
Hilde,Carde,F,2389 Union Park,884-473-9019,hcardekj@twitter.com
Heywood,Whereat,M,28058 Sachs Drive,904-463-2115,hwhereatkk@opera.com
Isadora,Parsall,F,6 Old Shore Drive,734-546-7469,iparsallkl@sciencedaily.com
Lorelei,Crohan,F,0 Monterey Pass,504-704-9959,lcrohankm@dagondesign.com
Torre,Corkel,M,13724 Monica Way,929-170-0172,tcorkelkn@baidu.com
Foss,Dossett,M,55056 American Court,736-292-6957,fdossettko@theglobeandmail.com
Nelia,O'Doireidh,F,9525 Sunbrook Plaza,372-727-6342,nodoireidhkp@businessinsider.com
Wells,Coye,M,85023 Hazelcrest Point,881-180-6054,wcoyekq@artisteer.com
Haslett,Akerman,M,11493 Rowland Way,437-964-6010,hakermankr@hud.gov
Enrica,Farmer,F,53 Mcbride Circle,287-190-1654,efarmerks@last.fm
Roda,Roselli,F,54 Sage Way,731-737-6307,rrosellikt@quantcast.com
Ansell,Newlin,M,603 Weeping Birch Point,212-175-0812,anewlinku@cloudflare.com
Tildi,Jefferies,F,25 Graceland Circle,432-389-7152,tjefferieskv@skype.com
Dulcy,Kingsford,F,504 Melvin Center,501-822-5894,dkingsfordkw@stanford.edu
Reinhard,Foulger,M,744 Golf Hill,292-368-2697,rfoulgerkx@discovery.com
Ferrel,Altoft,M,0175 Mifflin Lane,228-764-4246,faltoftky@tinyurl.com
Hester,Muller,F,5490 Basil Trail,694-408-9405,hmullerkz@geocities.jp
Rania,Brodley,F,40649 Helena Plaza,753-660-8510,rbrodleyl0@eventbrite.com
Allie,Hugues,F,93 Iowa Drive,210-257-3125,ahuguesl1@huffingtonpost.com
Raimund,Lanon,M,013 Westridge Place,597-132-2822,rlanonl2@webmd.com
Tod,Mazzia,M,8 Fair Oaks Parkway,317-372-4208,tmazzial3@i2i.jp
Addia,Leatham,F,64 Sommers Crossing,737-443-0241,aleathaml4@icq.com
Catharine,Clardge,F,855 Schlimgen Road,526-158-6549,cclardgel5@mozilla.com
Artemis,Barby,M,29389 Banding Street,740-318-2165,abarbyl6@alexa.com
Sherrie,Jickles,F,1 Summerview Point,601-154-3811,sjicklesl7@apache.org
Ingeberg,Wilding,F,95 Arrowood Center,643-683-9478,iwildingl8@unesco.org
Ly,Stansall,M,5 Banding Crossing,567-433-9612,lstansalll9@accuweather.com
Annabel,Aslett,F,94 Sheridan Park,795-122-0582,aaslettla@jugem.jp
Elysia,Vials,F,04 Schlimgen Alley,917-127-8357,evialslb@jigsy.com
Lorry,Durram,F,59030 Glacier Hill Point,677-975-0159,ldurramlc@a8.net
Yance,Wheadon,M,9188 Stoughton Pass,662-299-2823,ywheadonld@alibaba.com
Panchito,Hugnin,M,22603 Schiller Center,560-811-0671,phugninle@mapquest.com
Clint,Arnald,M,746 Northfield Lane,394-641-1181,carnaldlf@joomla.org
Gordon,Doyle,M,199 Cascade Center,409-294-1826,gdoylelg@theguardian.com
Ethelbert,Espine,M,6666 Scott Trail,118-541-6678,eespinelh@msn.com
Alica,Rawlence,F,1 Chinook Circle,418-715-3360,arawlenceli@wsj.com
Audie,Dalzell,F,9802 Arizona Trail,319-374-1666,adalzelllj@mapquest.com
Petra,Gordge,F,19134 Spaight Crossing,835-327-3027,pgordgelk@istockphoto.com
Selestina,Bosanko,F,64735 Buena Vista Pass,830-527-5207,sbosankoll@purevolume.com
Fern,Kellet,F,1 Dexter Court,782-635-1699,fkelletlm@timesonline.co.uk
Emalia,Noriega,F,53863 Carioca Parkway,516-982-9846,enoriegaln@admin.ch
Jacquetta,Speck,F,66465 Scoville Court,176-416-6161,jspecklo@ocn.ne.jp
Aurelia,Clemente,F,6 Cordelia Crossing,737-973-7941,aclementelp@ocn.ne.jp
Dennet,Twiname,M,2 Melby Parkway,686-204-2289,dtwinamelq@samsung.com
Hermine,Horsley,F,55074 Gateway Pass,415-450-3200,hhorsleylr@canalblog.com
Tomaso,Eyers,M,71235 Mosinee Drive,171-437-4127,teyersls@blog.com
Vivianne,Engelbrecht,F,19 Eliot Avenue,913-265-9277,vengelbrechtlt@istockphoto.com
Adora,Mc Ilwrick,F,48 Eastwood Circle,641-210-1708,amcilwricklu@ft.com
Opal,Belcham,F,96 Arkansas Trail,100-562-5368,obelchamlv@deviantart.com
Bertram,Ourtic,M,0 Dottie Court,282-661-3047,bourticlw@dion.ne.jp
Weider,Simecek,M,8 Village Parkway,695-190-6288,wsimeceklx@admin.ch
Nicol,Elks,M,1 Lakewood Way,503-333-3247,nelksly@si.edu
Codi,Delacroux,M,3 Pennsylvania Parkway,473-398-9133,cdelacrouxlz@fastcompany.com
Leonid,Blything,M,5476 Haas Pass,431-210-9120,lblythingm0@mysql.com
Filberto,Dillistone,M,8 Cherokee Center,451-987-9577,fdillistonem1@wiley.com
Alexina,Crutchley,F,21582 Golf Course Place,811-260-5726,acrutchleym2@miibeian.gov.cn
Bryanty,Puxley,M,092 Manley Center,480-697-2769,bpuxleym3@nature.com
Eugenio,Congreave,M,3382 Bunting Drive,408-308-0250,econgreavem4@flavors.me
Shannon,Allflatt,F,1348 Westport Parkway,997-170-6959,sallflattm5@weibo.com
Amelina,Hegg,F,10 Center Alley,231-131-2433,aheggm6@independent.co.uk
Devin,Doberer,F,2 Rockefeller Hill,274-339-6929,ddobererm7@yandex.ru
Isidro,Angood,M,40 Judy Pass,891-697-1739,iangoodm8@jimdo.com
Gennie,Akett,F,85 Myrtle Plaza,467-759-4207,gakettm9@ustream.tv
Danya,Domenc,F,56 Welch Court,942-519-7879,ddomencma@statcounter.com
Korrie,Ghidoni,F,857 Iowa Hill,555-452-2178,kghidonimb@walmart.com
Chas,Hawken,M,98979 Morning Way,449-865-6765,chawkenmc@slate.com
Davida,Smythin,F,4958 Talisman Terrace,579-592-8374,dsmythinmd@newyorker.com
Guido,Albrooke,M,14723 Sherman Court,311-233-5133,galbrookeme@cbc.ca
Austin,Halwell,F,30 Waxwing Crossing,943-651-3235,ahalwellmf@gmpg.org
Dunn,Feasby,M,78 Talisman Drive,571-180-2498,dfeasbymg@virginia.edu
Camella,Dowbekin,F,52 Fordem Road,327-961-8810,cdowbekinmh@google.co.jp
Rhodia,Rodda,F,9656 American Road,529-635-5759,rroddami@intel.com
Glenna,Sandercock,F,9 Red Cloud Trail,791-608-7454,gsandercockmj@eepurl.com
Bondon,Kielty,M,84855 Oak Valley Lane,645-619-7559,bkieltymk@aboutads.info
Eleni,Horsfield,F,08 Mcguire Road,559-116-9652,ehorsfieldml@amazon.com
Lurline,Leifer,F,67998 Hoard Place,683-340-5578,lleifermm@yandex.ru
Micheal,Killiner,M,75 Northfield Circle,956-620-4501,mkillinermn@canalblog.com
Daisey,Doerffer,F,1363 Oneill Pass,308-326-8965,ddoerffermo@1688.com
Bryan,Curl,M,11699 Kingsford Junction,499-141-0481,bcurlmp@salon.com
Alan,McColgan,M,19 Rigney Junction,963-536-0136,amccolganmq@ameblo.jp
Oren,Eskriet,M,855 Novick Crossing,583-979-5483,oeskrietmr@seesaa.net
Moreen,Tomaszczyk,F,00 Oxford Place,854-600-1405,mtomaszczykms@mac.com
Karlee,Kemp,F,1101 Dapin Drive,302-193-7552,kkempmt@nasa.gov
Hynda,Dunkley,F,448 Buhler Avenue,473-269-4102,hdunkleymu@census.gov
Godwin,De Dantesie,M,10449 Corscot Street,295-421-6586,gdedantesiemv@rediff.com
Ely,Davidesco,M,25 Delaware Alley,821-856-8278,edavidescomw@tiny.cc
Adina,Showl,F,8216 Talmadge Place,600-549-0470,ashowlmx@wikimedia.org
Salvidor,Reyne,M,98325 Gateway Lane,960-719-4426,sreynemy@dot.gov
Idelle,Scallon,F,9791 Oxford Place,733-624-2537,iscallonmz@epa.gov
Raoul,Telega,M,55 Melvin Parkway,196-293-9445,rtelegan0@businessweek.com
Carroll,Philipsohn,M,551 Meadow Vale Alley,416-970-8625,cphilipsohnn1@desdev.cn
Garner,Tomowicz,M,0 Katie Hill,699-875-5105,gtomowiczn2@symantec.com
Sascha,Meni,M,291 North Pass,752-849-2845,smenin3@ovh.net
Maud,Leisk,F,921 Magdeline Park,241-715-1523,mleiskn4@people.com.cn
Tiphanie,Birchner,F,5307 Montana Court,421-232-6167,tbirchnern5@timesonline.co.uk
Micah,Somner,M,312 Veith Junction,234-730-8839,msomnern6@ifeng.com
Barbabas,Bolletti,M,6 Transport Terrace,778-431-3834,bbollettin7@huffingtonpost.com
Robinette,Redfearn,F,1840 Norway Maple Plaza,822-900-3152,rredfearnn8@google.de
Chas,Freddi,M,06914 Lighthouse Bay Hill,507-419-0024,cfreddin9@marriott.com
Lorilee,Neal,F,883 Rieder Place,923-498-5598,lnealna@123-reg.co.uk
Chester,Noblet,M,2279 Mitchell Parkway,522-833-2797,cnobletnb@4shared.com
Dael,Idiens,M,86067 Charing Cross Alley,876-915-9619,didiensnc@google.co.jp
Elyse,Liggett,F,6 Forest Way,637-393-3003,eliggettnd@epa.gov
Barb,Lannon,F,298 Waxwing Alley,608-973-4233,blannonne@mapquest.com
Maurene,McCorrie,F,6749 Algoma Hill,366-526-1440,mmccorrienf@kickstarter.com
Chrissy,Shardlow,F,77071 Trailsway Avenue,426-262-9424,cshardlowng@google.ca
Iseabal,Gaytor,F,9290 Orin Park,237-525-5340,igaytornh@so-net.ne.jp
Corrina,Bridell,F,53984 Lyons Hill,101-731-3134,cbridellni@ucoz.ru
Yale,Aslam,M,695 Carey Road,719-381-8651,yaslamnj@mail.ru
Shayne,Apps,F,9 Larry Trail,541-605-6384,sappsnk@ft.com
Hervey,Raw,M,3 Stoughton Court,576-374-3333,hrawnl@zdnet.com
Tabitha,Roch,F,4 Walton Point,154-876-8040,trochnm@umich.edu
Ross,Ales,M,70705 Bobwhite Park,592-707-4886,ralesnn@icio.us
Gabby,Laffling,M,72 Oak Valley Way,303-674-7870,glafflingno@delicious.com
Chelsy,Seaborn,F,4058 Lyons Drive,239-656-3079,cseabornnp@nhs.uk
Debor,Warlton,F,58334 Declaration Junction,352-298-8775,dwarltonnq@youku.com
Letitia,Beck,F,2680 Nelson Junction,655-340-9129,lbecknr@home.pl
Kirstyn,Lamas,F,76 Banding Trail,695-174-3786,klamasns@seattletimes.com
Johannah,Zanussii,F,376 Huxley Lane,570-795-9000,jzanussiint@ask.com
Mela,Coats,F,5 Del Sol Plaza,973-817-6619,mcoatsnu@goo.gl
Chester,Gatch,M,8 Esch Plaza,691-852-0091,cgatchnv@taobao.com
Mose,Tanzer,M,2971 Towne Center,145-780-2913,mtanzernw@so-net.ne.jp
Quintin,Randalston,M,500 Farmco Street,573-823-0983,qrandalstonnx@ameblo.jp
Adlai,Parell,M,9794 Holy Cross Terrace,145-872-0753,aparellny@com.com
Aubine,Ibbott,F,57 Burrows Court,825-686-5757,aibbottnz@usa.gov
Genia,Hulatt,F,485 Dexter Avenue,924-330-8125,ghulatto0@miitbeian.gov.cn
Adeline,Howatt,F,27110 Anderson Lane,816-295-5935,ahowatto1@answers.com
Sydney,Aizik,M,45478 Reinke Crossing,562-793-1793,saiziko2@wsj.com
Jewel,Minerdo,F,26575 Forest Run Lane,323-984-5034,jminerdoo3@xing.com
Herrick,Kasbye,M,30 Sherman Way,768-215-1630,hkasbyeo4@stanford.edu
Sterne,Elby,M,6057 7th Place,301-740-6949,selbyo5@artisteer.com
Alain,Mohammad,M,489 Grayhawk Alley,881-830-1380,amohammado6@google.co.uk
Candi,Sweett,F,4 Annamark Crossing,675-529-9961,csweetto7@google.it
Parsifal,Derry,M,097 Fieldstone Place,416-506-4359,pderryo8@shareasale.com
Heall,Neeves,M,186 Weeping Birch Plaza,905-841-5075,hneeveso9@discovery.com
Antonio,Conachy,M,642 Park Meadow Drive,857-622-7823,aconachyoa@blog.com
Whitaker,Jeratt,M,0432 Buell Point,561-172-8989,wjerattob@reverbnation.com
Janot,Bischoff,F,50759 Chinook Way,506-869-0182,jbischoffoc@engadget.com
Bianca,Hobben,F,0888 Main Drive,110-504-7534,bhobbenod@hexun.com
Enrica,Heningham,F,5 Morning Alley,219-852-4173,eheninghamoe@php.net
Jodi,Hooban,F,931 Iowa Parkway,206-307-0833,jhoobanof@army.mil
Allys,Ludmann,F,8 Parkside Pass,487-526-9985,aludmannog@reuters.com
Flint,Durdle,M,361 Manufacturers Avenue,689-412-4108,fdurdleoh@chicagotribune.com
Eb,Kornyakov,M,8020 Mendota Pass,911-345-4538,ekornyakovoi@icio.us
Averill,Denizet,M,9 Talmadge Point,799-288-0540,adenizetoj@hugedomains.com
Burk,Whaley,M,6768 Buhler Trail,634-433-5363,bwhaleyok@rediff.com
Pet,Ruthen,F,446 Pepper Wood Point,621-239-4074,pruthenol@devhub.com
Joshua,Alltimes,M,68324 Fairview Point,447-219-3228,jalltimesom@jalbum.net
Andras,Fauning,M,83 Lighthouse Bay Road,436-374-0345,afauningon@tinypic.com
Aubrey,Sinkin,F,113 Northland Alley,783-750-4575,asinkinoo@sciencedaily.com
Joycelin,Stailey,F,82226 Chinook Place,564-410-7638,jstaileyop@unesco.org
Glen,Gallaccio,M,6070 Erie Circle,465-936-8528,ggallacciooq@bloomberg.com
Shaine,Caldes,F,174 Crest Line Crossing,966-831-4846,scaldesor@tripadvisor.com
Brok,Waith,M,77304 American Point,663-603-0245,bwaithos@aboutads.info
Otto,Morch,M,4475 Orin Drive,918-255-4246,omorchot@dmoz.org
Celestina,Pagram,F,864 Algoma Circle,990-649-4622,cpagramou@mac.com
Babette,Sandercroft,F,52307 Lakeland Drive,916-238-5404,bsandercroftov@tuttocitta.it
Giavani,Deddum,M,48570 Hoffman Crossing,465-397-2419,gdeddumow@berkeley.edu
Eugenie,Eltone,F,67 Namekagon Pass,741-674-7855,eeltoneox@comcast.net
Boigie,Persent,M,87 Badeau Alley,369-509-2440,bpersentoy@wufoo.com
Sam,Gabby,F,511 Ohio Terrace,177-744-0519,sgabbyoz@livejournal.com
Margo,Malser,F,5589 Lyons Hill,359-860-2739,mmalserp0@bizjournals.com
Waite,Dallicott,M,21 Fulton Way,364-663-3043,wdallicottp1@dagondesign.com
Wesley,Bingell,M,08061 International Hill,909-971-3112,wbingellp2@drupal.org
Rodrick,Rassell,M,63 Havey Hill,557-644-1753,rrassellp3@twitpic.com
Ham,Oliphant,M,8786 Beilfuss Circle,470-383-8429,holiphantp4@trellian.com
Chick,Dunkerley,M,84544 Colorado Street,147-408-8907,cdunkerleyp5@wikipedia.org
Alexandro,Connochie,M,32624 Burning Wood Road,164-806-0521,aconnochiep6@state.gov
Winnie,Warrington,M,7 Oak Valley Pass,171-356-9904,wwarringtonp7@auda.org.au
Marena,Toe,F,66055 Mariners Cove Crossing,313-947-2785,mtoep8@reference.com
Layton,Dunkerley,M,6 Tennessee Avenue,483-734-0530,ldunkerleyp9@elpais.com
Vanda,Hancell,F,25608 Gulseth Lane,767-909-7603,vhancellpa@facebook.com
Valentino,Geffcock,M,338 David Avenue,539-928-2517,vgeffcockpb@topsy.com
Humberto,McClifferty,M,8491 Knutson Place,373-911-2640,hmccliffertypc@loc.gov
Pepi,Hallbord,F,5947 Goodland Terrace,362-537-6096,phallbordpd@ucla.edu
Laurette,Gasker,F,067 Loftsgordon Parkway,321-856-4638,lgaskerpe@jiathis.com
Joshua,Monteaux,M,51 Elgar Plaza,211-652-2651,jmonteauxpf@hp.com
Wallis,Izard,F,317 Briar Crest Pass,473-964-7996,wizardpg@usa.gov
Kessia,Hovenden,F,56529 Reindahl Circle,562-105-9282,khovendenph@google.ca
Georgette,Mathewson,F,47 Susan Street,357-135-1929,gmathewsonpi@squidoo.com
Gage,Ironside,M,05253 Trailsway Court,997-368-5714,gironsidepj@washington.edu
Tam,Fain,M,6117 Elka Plaza,474-227-1808,tfainpk@wikimedia.org
Gustav,Ruilton,M,8882 Ilene Junction,437-641-8028,gruiltonpl@jiathis.com
Paul,Ingerith,M,01467 Carberry Trail,102-977-5297,pingerithpm@liveinternet.ru
Donia,Keesman,F,9 Farwell Court,836-931-3924,dkeesmanpn@amazon.de
Sophey,Benfell,F,04111 Farmco Way,954-775-9195,sbenfellpo@pinterest.com
Elmer,Petticrew,M,736 Red Cloud Alley,233-278-7388,epetticrewpp@samsung.com
Cliff,Durn,M,8 Luster Road,832-201-6507,cdurnpq@simplemachines.org
Cyrus,Kernoghan,M,62 Marcy Crossing,805-883-3698,ckernoghanpr@reuters.com
Alejandro,Adshed,M,0052 Village Green Court,262-751-3673,aadshedps@columbia.edu
Courtney,Bonar,F,6 Little Fleur Center,245-717-2056,cbonarpt@guardian.co.uk
Hendrick,Graben,M,083 Northridge Way,611-334-1754,hgrabenpu@time.com
Nissy,Friend,F,61 Merrick Hill,249-951-9979,nfriendpv@cam.ac.uk
Field,Hugenin,M,1 Clarendon Place,684-281-9306,fhugeninpw@virginia.edu
Eddi,Prate,F,9 Fieldstone Trail,546-500-5855,epratepx@deliciousdays.com
Daryle,Vedekhov,M,4 American Trail,426-837-6801,dvedekhovpy@a8.net
Lidia,Pennyman,F,804 Shopko Trail,661-920-6743,lpennymanpz@nps.gov
Arvy,MacNeilage,M,72 American Trail,873-697-1460,amacneilageq0@mayoclinic.com
Viva,Fantini,F,99 Bowman Avenue,786-199-2519,vfantiniq1@si.edu
Fee,Minchinden,M,816 Onsgard Terrace,841-184-3681,fminchindenq2@prweb.com
Gustaf,Nornasell,M,85 Maryland Point,629-377-0817,gnornasellq3@wp.com
Mendy,Piddle,M,133 Magdeline Point,662-532-4768,mpiddleq4@wikipedia.org
Yulma,Doerffer,M,1 Tomscot Terrace,636-172-2704,ydoerfferq5@buzzfeed.com
Haley,Bredes,M,07 Canary Park,619-653-3537,hbredesq6@themeforest.net
Ilise,Mitcheson,F,33 Mcguire Park,361-286-8607,imitchesonq7@mit.edu
Genna,McPhillimey,F,92532 Northview Plaza,780-529-9209,gmcphillimeyq8@mozilla.org
Alberto,Cohalan,M,89524 Hoffman Lane,708-223-6939,acohalanq9@sun.com
Ambrosio,Sattin,M,65386 Pleasure Trail,231-964-5334,asattinqa@examiner.com
Dotti,Inglese,F,501 Basil Pass,116-124-4088,dingleseqb@digg.com
Brandy,Swan,M,42 Myrtle Alley,764-328-0103,bswanqc@weibo.com
Padraig,Ruperto,M,3 Rutledge Plaza,152-928-8719,prupertoqd@vimeo.com
Jeanine,Cullrford,F,385 Muir Court,245-874-5954,jcullrfordqe@gmpg.org
Allx,Aspall,F,290 Prairie Rose Court,768-695-0889,aaspallqf@naver.com
Naomi,Alban,F,30 Pleasure Alley,576-827-5676,nalbanqg@stumbleupon.com
Guthrie,Deny,M,12 Prairie Rose Crossing,996-785-0600,gdenyqh@economist.com
Ephrem,Freen,M,3 Truax Parkway,967-941-3213,efreenqi@gizmodo.com
Worthy,Arnout,M,627 Duke Way,618-992-1059,warnoutqj@joomla.org
Gretna,Hoyes,F,97 Annamark Circle,206-981-2395,ghoyesqk@technorati.com
Ashlan,Nutbeem,F,467 Northridge Street,922-340-6788,anutbeemql@auda.org.au
Tammie,Hallford,M,6 Evergreen Park,229-781-2838,thallfordqm@etsy.com
Lia,McGloin,F,4 North Pass,822-442-9604,lmcgloinqn@github.io
Shirline,Drinkhall,F,175 Glendale Center,997-236-1391,sdrinkhallqo@fema.gov
Baxy,Spaldin,M,098 Melrose Parkway,344-977-7728,bspaldinqp@nydailynews.com
Kaylee,Morritt,F,8 Cambridge Drive,290-960-0512,kmorrittqq@google.ca
Kellia,Mathevon,F,621 Lawn Drive,927-398-2008,kmathevonqr@wiley.com
Rodd,Lepope,M,93 Artisan Hill,129-972-0914,rlepopeqs@purevolume.com
Skippy,Gouinlock,M,67 Nobel Center,130-426-9875,sgouinlockqt@chicagotribune.com
Conney,Ortiga,M,4 Independence Junction,129-315-2406,cortigaqu@engadget.com
Jamaal,Scipsey,M,373 Vera Court,491-652-3882,jscipseyqv@taobao.com
Zeke,Norwich,M,3 John Wall Parkway,202-683-1557,znorwichqw@illinois.edu
Hatty,Cufflin,F,51620 Pleasure Avenue,286-677-9084,hcufflinqx@nasa.gov
West,Naisbitt,M,7713 Lien Parkway,381-718-6412,wnaisbittqy@virginia.edu
Forester,Setch,M,23842 Bluejay Street,228-186-2582,fsetchqz@guardian.co.uk
Harman,Gooms,M,5804 Boyd Street,480-406-7863,hgoomsr0@wordpress.org
Henriette,Britzius,F,87187 Green Ridge Place,425-341-1866,hbritziusr1@printfriendly.com
Andeee,Burehill,F,91511 Lerdahl Road,418-120-3768,aburehillr2@technorati.com
Lemmie,Apthorpe,M,76 Messerschmidt Center,704-224-7749,lapthorper3@biblegateway.com
Vladimir,Salan,M,15594 Porter Court,147-335-9874,vsalanr4@exblog.jp
Llywellyn,Shoemark,M,32821 Miller Pass,309-951-7966,lshoemarkr5@mayoclinic.com
Arnoldo,Foot,M,7 Maryland Circle,882-501-3609,afootr6@opensource.org
Shandy,Dysert,F,60642 Stone Corner Court,208-215-6480,sdysertr7@free.fr
Lennard,Le Frank,M,68823 Butternut Pass,399-931-0425,llefrankr8@google.co.uk
Odie,O'Shields,M,0028 Blaine Plaza,949-826-2636,ooshieldsr9@macromedia.com
Mirabel,Thomton,F,11 Vermont Road,619-153-0969,mthomtonra@intel.com
Herb,Petherick,M,25 Tennessee Trail,462-366-3876,hpetherickrb@diigo.com
Dyanna,Nucci,F,6 Warner Terrace,847-948-6261,dnuccirc@amazonaws.com
Gretta,Enocksson,F,765 Karstens Lane,493-740-3237,genockssonrd@fotki.com
Paton,Fautley,M,999 Farmco Terrace,551-757-3493,pfautleyre@irs.gov
Thibaut,Ralton,M,34 Vahlen Circle,243-897-5554,traltonrf@senate.gov
Rachele,Geraud,F,52432 Annamark Circle,797-910-1743,rgeraudrg@foxnews.com
Arleen,Wortman,F,23868 Waubesa Way,781-155-5119,awortmanrh@auda.org.au
Brina,Stolberger,F,49 Texas Plaza,203-361-3867,bstolbergerri@jiathis.com
Susy,McCoveney,F,569 Steensland Parkway,159-447-3618,smccoveneyrj@altervista.org
Sawyere,Fettes,M,9320 Dottie Hill,405-605-4834,sfettesrk@wikispaces.com
Zed,Waterman,M,2 Pepper Wood Center,407-651-9948,zwatermanrl@pbs.org
Shermie,Berney,M,52581 Meadow Ridge Point,814-676-7797,sberneyrm@histats.com
Gus,Ensor,M,534 Straubel Street,587-683-9166,gensorrn@networkadvertising.org
Danette,Almond,F,41 Duke Alley,595-654-7089,dalmondro@mlb.com
Kerr,Counter,M,13 Melby Plaza,550-608-5499,kcounterrp@ihg.com
Benson,McClunaghan,M,3 Moulton Circle,654-772-1232,bmcclunaghanrq@stanford.edu
Robinet,Feldhorn,F,01879 Di Loreto Street,888-337-1564,rfeldhornrr@homestead.com
